TABLE,ORDER,VARIABLE,BLOCK,DESCRIPTION,TYPE,UNIT,DECIMALS,SCOPE,SOURCE,SOURCE_VARIABLE,DERIVATION,UNIVERSE,NA_MEANING,CVI_DIMENSION,SUGGESTED_DIRECTION,SCRIPT,NOTES
ageb_indicadores,1,ID_AGEB,Identification,"Unique AGEB key: state (2) + municipality (3) + locality (4) + AGEB (4).",text,code,,Both,MG2020,CVEGEO,"Urban: 13-character CVEGEO. Rural: CVE_ENT + CVE_MUN + '0000' + CVE_AGEB.",,Never,Identification,n/a,03_boundaries.R,"Always read as text: it has leading zeros and CVE_AGEB is alphanumeric. See D-03."
ageb_indicadores,2,AMBITO,Identification,"Setting of the AGEB, according to the Marco Geoestadístico layer it comes from.",categorical,,,Both,MG2020,layer {ENT}a / {ENT}ar,"'Urbana' if it comes from {ENT}a.shp; 'Rural' if it comes from {ENT}ar.shp.",,Never,Identification,n/a,03_boundaries.R,"Values: Urbana (urban), Rural. Population sources differ by setting (D-11)."
ageb_indicadores,3,CVE_ENT,Identification,"State (entidad federativa) code.",text,code,,Both,MG2020,CVE_ENT,,,Never,Identification,n/a,03_boundaries.R,"01 to 32."
ageb_indicadores,4,NOM_ENT,Identification,"State name.",text,,,Both,PIPELINE,ENTITY_NAMES,"Fixed catalog in 00_config.R.",,Never,Identification,n/a,00_config.R,"Without accents (e.g. 'Ciudad de Mexico', 'Nuevo Leon')."
ageb_indicadores,5,CVE_MUN,Identification,"Municipality or territorial demarcation code (3 digits, unique only within the state).",text,code,,Both,MG2020,CVE_MUN,,,Never,Identification,n/a,03_boundaries.R,"The full municipal code is CVE_ENT + CVE_MUN."
ageb_indicadores,6,NOM_MUN,Identification,"Municipality name.",text,,,Both,MG2020,NOMGEO (layer {ENT}mun),,,Never,Identification,n/a,03_boundaries.R,
ageb_indicadores,7,CVE_LOC,Identification,"Locality code (4 digits). '0000' by convention in rural AGEB.",text,code,,Both,MG2020,CVE_LOC,"Rural: '0000' (a rural AGEB does not belong to a single locality).",,Never,Identification,n/a,03_boundaries.R,"See D-03."
ageb_indicadores,8,NOM_LOC,Identification,"Locality name.",text,,,Both,MG2020 / CPV2020_ITER,NOMGEO (layer {ENT}l) / NOM_LOC (ITER),"Urban: locality name in the MG. Rural: ITER name if the AGEB has a single locality; '(varias localidades)' (several localities) if it has more.",,E: uninhabited rural AGEB (no localities),Identification,n/a,04_census_urban.R; 05_census_rural.R,"The NOM_LOC of the urban census is unusable: it always reads 'Total AGEB urbana' (D-06)."
ageb_indicadores,9,CVE_AGEB,Identification,"AGEB code (4 alphanumeric characters).",text,code,,Both,MG2020,CVE_AGEB,,,Never,Identification,n/a,03_boundaries.R,
ageb_indicadores,10,AREA_KM2,Geometry,"Area of the AGEB.",decimal,km²,6,Both,MG2020,geometry,"Polygon area in EPSG:6372 (LCC ITRF2008) after st_make_valid().",,Never,Context,n/a,03_boundaries.R,"National minimum 0.0003 km²; rural AGEB can exceed 6,000 km²."
ageb_indicadores,11,CENTROIDE_LON,Geometry,"Longitude of a representative point inside the AGEB.",decimal,decimal degrees (EPSG:4326),6,Both,MG2020,geometry,"st_point_on_surface() in EPSG:6372, transformed to EPSG:4326.",,Never,Identification,n/a,03_boundaries.R,"Not the geometric centroid: it is guaranteed to fall inside the polygon (D-07)."
ageb_indicadores,12,CENTROIDE_LAT,Geometry,"Latitude of a representative point inside the AGEB.",decimal,decimal degrees (EPSG:4326),6,Both,MG2020,geometry,"Same as CENTROIDE_LON.",,Never,Identification,n/a,03_boundaries.R,
ageb_indicadores,13,POB_TOTAL,Base population,"Total usually resident population.",decimal (count),persons,,Both,CPV2020_AGEB / CPV2020_ITER,POBTOT,"Urban: AGEB total row. Rural: sum of POBTOT over the ITER localities that fall in the AGEB.",,Never (0 in uninhabited rural AGEB),Base population,n/a,04_census_urban.R; 05_census_rural.R; 10_build.R,"Never suppressed by INEGI. The national sum matches the Census exactly: 126,014,024 (D-12)."
ageb_indicadores,14,POB_REPORTADA,Reliability,"Population whose characteristics the census does publish.",decimal (count),persons,,Both,PIPELINE,POBTOT,"Urban: POB_TOTAL, or 0 if the whole AGEB row is suppressed. Rural: sum of POBTOT over the localities that publish all characteristics.",,Never,Reliability,n/a,04_census_urban.R; 05_census_rural.R,"See D-14."
ageb_indicadores,15,PCT_POB_REPORTADA,Reliability,"Share of the AGEB population whose characteristics the census publishes.",decimal,%,2,Both,PIPELINE,,"100 × POB_REPORTADA / POB_TOTAL.",POB_TOTAL,D0: POB_TOTAL = 0,Reliability,n/a,10_build.R,"Use it as a reliability weight or filter for the shares, especially in rural areas."
ageb_indicadores,16,N_CELDAS_IMPUTADAS,Reliability,"Number of census cells in the AGEB imputed as 1.5 because they were suppressed ('*').",integer,cells,,Both,PIPELINE,,"Count of '*' cells among the 52 counts in CENSUS_VARS, only in urban rows not wholly suppressed.",,Never,Reliability,n/a,04_census_urban.R,"Always 0 in rural AGEB (ITER does publish 1 and 2). Nationally: 253,460 cells in 55,573 urban AGEB (D-15)."
ageb_indicadores,17,POB_HOMBRES,Base population,"Male population.",decimal (count),persons,,Both,CPV2020_AGEB / CPV2020_ITER,POBMAS,"Urban: direct value. Rural: sum over localities that publish the SEXO group.",,S,Base population,n/a,04_census_urban.R; 05_census_rural.R,"Can be 1.5 in urban AGEB (imputation)."
ageb_indicadores,18,POB_MUJERES,Base population,"Female population.",decimal (count),persons,,Both,CPV2020_AGEB / CPV2020_ITER,POBFEM,"Same as POB_HOMBRES.",,S,Base population,n/a,04_census_urban.R; 05_census_rural.R,
ageb_indicadores,19,PCT_HOMBRES,Base population,"Share of men.",decimal,%,2,Both,PIPELINE,POBMAS,"100 × POB_HOMBRES / POB_DEN_SEXO.",Population of the localities that publish the SEXO group (= POB_TOTAL in urban),S; D0,Base population,n/a,10_build.R,
ageb_indicadores,20,PCT_MUJERES,Base population,"Share of women.",decimal,%,2,Both,PIPELINE,POBFEM,"100 × POB_MUJERES / POB_DEN_SEXO.",Same as PCT_HOMBRES,S; D0,Base population,n/a,10_build.R,
ageb_indicadores,21,DENS_POB_KM2,Base population,"Population density.",decimal,persons/km²,2,Both,PIPELINE,,"POB_TOTAL / AREA_KM2.",AREA_KM2,Never,Exposure (context),±,10_build.R,"In rural AGEB it divides by the whole territory, not by the inhabited area."
ageb_indicadores,22,POB_POR_VIV,Base population,"Persons per inhabited private dwelling.",decimal,persons/dwelling,2,Both,PIPELINE,,"POB_DEN_VIV / VIV_PART_HAB.",VIV_PART_HAB,S; D0,Sensitivity,+,10_build.R,"Uses total population, not occupants. In tiny AGEB with imputed dwellings it yields extreme values (52 AGEB > 10; max 679): filter by size."
ageb_indicadores,23,VIV_PART_HAB,Housing,"Total inhabited private dwellings.",decimal (count),dwellings,,Both,CPV2020_AGEB / CPV2020_ITER,TVIVPARHAB,"Urban: direct. Rural: sum over localities that publish the VIV group.",,S,Base population,n/a,04_census_urban.R; 05_census_rural.R,"Includes dwellings with no occupant information, which is why it is NOT the denominator of housing shares (D-18). In 781 urban AGEB with population 0 it is 1.5 through imputation; no share is affected."
ageb_indicadores,24,VIV_CARACT,Housing,"Inhabited private dwellings whose characteristics were captured (estimate). Denominator of every housing share.",decimal,dwellings,,Both,PIPELINE,VPH_*,"min(VIV_PART_HAB, max(VPH_C_ELEC+VPH_S_ELEC, VPH_DRENAJ+VPH_NODREN, VPH_EXCSA+VPH_LETR, and each individual VPH_* count)).",,S,Base population,n/a,10_build.R,"The census does not publish this universe (CONEVAL does use it). It is the largest of its lower bounds, capped by TVIVPARHAB. See D-18."
ageb_indicadores,25,VIV_DRENAJE,Housing,"Dwellings with drainage (public sewer, septic tank, ravine, river, lake or sea).",decimal (count),dwellings,,Both,CPV2020_AGEB / CPV2020_ITER,VPH_DRENAJ,"Direct (urban) or sum (rural, VIV group).",,S,Count for re-aggregation,n/a,04_census_urban.R; 05_census_rural.R,
ageb_indicadores,26,VIV_ELECTRICIDAD,Housing,"Dwellings with electricity.",decimal (count),dwellings,,Both,CPV2020_AGEB / CPV2020_ITER,VPH_C_ELEC,"Direct (urban) or sum (rural, VIV group).",,S,Count for re-aggregation,n/a,04_census_urban.R; 05_census_rural.R,
ageb_indicadores,27,PCT_DRENAJE,Housing,"Share of dwellings with drainage.",decimal,%,2,Both,PIPELINE,VPH_DRENAJ,"100 × VIV_DRENAJE / VIV_CARACT.",VIV_CARACT,S; D0,Adaptive capacity,−,10_build.R,"Its denominator changed (formerly TVIVPARHAB). For the deprivation use PCT_VIV_SIN_DRENAJE, which is not 100 − this value (D-19)."
ageb_indicadores,28,PCT_ELECTRIC,Housing,"Share of dwellings with electricity.",decimal,%,2,Both,PIPELINE,VPH_C_ELEC,"100 × VIV_ELECTRICIDAD / VIV_CARACT.",VIV_CARACT,S; D0,Adaptive capacity,−,10_build.R,"Same as PCT_DRENAJE; for the deprivation use PCT_VIV_SIN_ELECTRIC."
ageb_indicadores,29,PCT_POB_0A5,Sensitivity,"Share of population aged 0 to 5.",decimal,%,2,Both,PIPELINE,P_0A2 + P_3A5,"100 × (POB_0A2 + POB_3A5) / POB_DEN_PERS.",Population of the localities that publish the PERS group,S; D0,Sensitivity,+,10_build.R,"Heat, waterborne disease and dependence during evacuation."
ageb_indicadores,30,PCT_POB_65YMAS,Sensitivity,"Share of population aged 65 and over.",decimal,%,2,Both,PIPELINE,POB65_MAS,"100 × POB_65YMAS / POB_DEN_PERS.",Same as PCT_POB_0A5,S; D0,Sensitivity,+,10_build.R,"Heat mortality, reduced mobility."
ageb_indicadores,31,PCT_POB_DISC,Sensitivity,"Share of population with a disability.",decimal,%,2,Both,PIPELINE,PCON_DISC,"100 × POB_DISC / POB_DEN_PERS.",Same as PCT_POB_0A5,S; D0,Sensitivity,+,10_build.R,"Disability = much difficulty with, or inability to, see, hear, walk, remember, care for oneself or communicate."
ageb_indicadores,32,PCT_POB_HLI,Sensitivity,"Share of population aged 3 and over who speak an indigenous language.",decimal,%,2,Both,PIPELINE,P3YM_HLI,"100 × POB_HLI / POB_3YMAS.",Population aged 3 and over,S; D0,Sensitivity,+,10_build.R,"Proxy of structural marginalization. For the language barrier to warnings, PCT_POB_HLI_NHE is better."
ageb_indicadores,33,PCT_POB_HLI_NHE,Sensitivity,"Share of population aged 3 and over who speak an indigenous language and do not speak Spanish.",decimal,%,2,Both,PIPELINE,P3HLINHE,"100 × POB_HLI_NHE / POB_3YMAS.",Population aged 3 and over,S; D0,Sensitivity,+,10_build.R,"Direct barrier to receiving official warnings and alerts. National median 0 %: highly concentrated."
ageb_indicadores,34,PCT_HOG_JEFA,Sensitivity,"Share of census households whose reference person is a woman.",decimal,%,2,Both,PIPELINE,HOGJEF_F,"100 × HOGARES_JEFA / HOGARES.",Census households,S; D0,Sensitivity,+,10_build.R,"Common in the social vulnerability literature, but its direction is debatable; decide when building the index."
ageb_indicadores,35,PCT_POB_SIN_SALUD,Social lag,"Share of population without health service affiliation.",decimal,%,2,Both,PIPELINE,PSINDER,"100 × POB_SIN_SALUD / POB_DEN_PERS.",Same as PCT_POB_0A5,S; D0,Adaptive capacity,+,10_build.R,"Equivalent of RZ_SSALUD."
ageb_indicadores,36,PCT_ANALF,Social lag,"Share of population aged 15 and over who are illiterate.",decimal,%,2,Both,PIPELINE,P15YM_AN,"100 × POB_15YMAS_ANALF / POB_15YMAS.",Population aged 15 and over,S; D0,Adaptive capacity,+,10_build.R,"Equivalent of RZ_ANALF."
ageb_indicadores,37,PCT_EDU_BAS_INC,Social lag,"Share of population aged 15 and over with incomplete basic education.",decimal,%,2,Both,PIPELINE,P15YM_SE + P15PRI_IN + P15PRI_CO + P15SEC_IN,"min(100, 100 × (no schooling + incomplete primary + complete primary + incomplete lower secondary) / POB_15YMAS).",Population aged 15 and over,S; D0,Adaptive capacity,+,10_build.R,"Equivalent of RZ_EBINC. Capped at 100 because it adds four possibly imputed cells (D-20)."
ageb_indicadores,38,PCT_NOASIS_6A14,Social lag,"Share of population aged 6 to 14 not attending school.",decimal,%,2,Both,PIPELINE,P6A11_NOA + P12A14NOA,"100 × (POB_6A11_NOASIS + POB_12A14_NOASIS) / (POB_6A11 + POB_12A14).",Population aged 6 to 14,S; D0,Adaptive capacity,+,10_build.R,"Equivalent of RZ_INA614."
ageb_indicadores,39,PCT_NOASIS_15A24,Social lag,"Share of population aged 15 to 24 not attending school.",decimal,%,2,Both,PIPELINE,P_15A17 + P_18A24 − P15A17A − P18A24A,"max(0, 100 × (POB_15A17 + POB_18A24 − POB_15A17_ASIS − POB_18A24_ASIS) / (POB_15A17 + POB_18A24)).",Population aged 15 to 24,S; D0,Adaptive capacity,±,10_build.R,"Equivalent of RZ_INA1524. It is a difference: it includes those who did not specify attendance. National median 56 %: weakly discriminating for vulnerability."
ageb_indicadores,40,PCT_PEA,Employment,"Labour force participation rate: share of the population aged 12 and over with a specified activity status who are economically active.",decimal,%,2,Both,PIPELINE,PEA / (PEA + PE_INAC),"100 × POB_PEA / (POB_PEA + POB_INAC).",Population aged 12 and over with a specified activity status (PEA + PE_INAC),S; D0,Adaptive capacity,−,10_build.R,"Does not divide by P_12YMAS: the unspecified share is 0.2–0.5 % per state but reaches 27 % in some AGEB. Summed from Oaxaca's AGEB it gives 57.03 %, equal to the ITER state total. The census does not capture income; this is the closest economic signal."
ageb_indicadores,41,PCT_PEA_F,Employment,"Female labour force participation rate: share of women aged 12 and over with a specified activity status who are economically active.",decimal,%,2,Both,PIPELINE,PEA_F / (PEA_F + PE_INAC_F),"100 × POB_PEA_F / (POB_PEA_F + POB_INAC_F).",Women aged 12 and over with a specified activity status,S; D0,Adaptive capacity,−,10_build.R,"Discriminates more than PCT_PEA across AGEB (Oaxaca: 34 % rural against 48 % urban). Correlates with PCT_HOG_JEFA and with educational lag; check collinearity when building the index."
ageb_indicadores,42,PCT_DESOCUP,Employment,"Unemployment rate: share of the economically active population with no job who looked for one.",decimal,%,2,Both,PIPELINE,PDESOCUP / PEA,"100 × POB_DESOCUP / POB_PEA.",Economically active population (PEA = POCUPADA + PDESOCUP),S; D0,Adaptive capacity,+,10_build.R,"Weakly discriminating: informal work counts as employment and the census rate is low (1.7–2.3 % per state). In urban AGEB the count is often 1–2 and imputed as 1.5 (D-15), so in small AGEB it is noise."
ageb_indicadores,43,PCT_VIV_SIN_DRENAJE,Housing,"Share of dwellings without drainage.",decimal,%,2,Both,PIPELINE,VPH_NODREN,"100 × VIV_SIN_DRENAJE / VIV_CARACT.",VIV_CARACT,S; D0,Adaptive capacity,+,10_build.R,"Equivalent of RZ_SDREN. Direct count, not 100 − PCT_DRENAJE (D-19)."
ageb_indicadores,44,PCT_VIV_SIN_ELECTRIC,Housing,"Share of dwellings without electricity.",decimal,%,2,Both,PIPELINE,VPH_S_ELEC,"100 × VIV_SIN_ELECTRICIDAD / VIV_CARACT.",VIV_CARACT,S; D0,Adaptive capacity,+,10_build.R,"Equivalent of RZ_SELEC."
ageb_indicadores,45,PCT_VIV_SIN_AGUA,Housing,"Share of dwellings without piped water inside the dwelling or its plot.",decimal,%,2,Both,PIPELINE,VPH_AGUAFV,"100 × VIV_SIN_AGUA / VIV_CARACT.",VIV_CARACT,S; D0,Adaptive capacity,+,10_build.R,"Equivalent of RZ_SAGUA. Water stress and drought."
ageb_indicadores,46,PCT_VIV_PISO_TIERRA,Housing,"Share of dwellings with a dirt floor.",decimal,%,2,Both,PIPELINE,VPH_PISOTI,"100 × VIV_PISO_TIERRA / VIV_CARACT.",VIV_CARACT,S; D0,Adaptive capacity,+,10_build.R,"Equivalent of RZ_PISOT. Proxy of housing precariousness in the face of flooding."
ageb_indicadores,47,PCT_VIV_1CUARTO,Housing,"Share of dwellings with a single room.",decimal,%,2,Both,PIPELINE,VPH_1CUART,"100 × VIV_1CUARTO / VIV_CARACT.",VIV_CARACT,S; D0,Adaptive capacity,+,10_build.R,"Overcrowding and indoor heat."
ageb_indicadores,48,PCT_VIV_SIN_SANITARIO,Housing,"Share of dwellings with no toilet, sanitary facility or latrine.",decimal,%,2,Both,PIPELINE,VPH_EXCSA + VPH_LETR,"max(0, 100 − 100 × (VIV_EXCUSADO + VIV_LETRINA) / VIV_CARACT).",VIV_CARACT,S; D0,Adaptive capacity,+,10_build.R,"Equivalent of RZ_SEXCUS. The only complement: no direct count exists. As in CONEVAL, a latrine counts as a sanitary facility (D-19)."
ageb_indicadores,49,PCT_VIV_TINACO,Water and storage,"Share of dwellings with a rooftop water tank (tinaco).",decimal,%,2,Both,PIPELINE,VPH_TINACO,"100 × VIV_TINACO / VIV_CARACT.",VIV_CARACT,S; D0,Adaptive capacity,−,10_build.R,"Water storage against supply cuts and drought."
ageb_indicadores,50,PCT_VIV_CISTERNA,Water and storage,"Share of dwellings with a cistern.",decimal,%,2,Both,PIPELINE,VPH_CISTER,"100 × VIV_CISTERNA / VIV_CARACT.",VIV_CARACT,S; D0,Adaptive capacity,−,10_build.R,
ageb_indicadores,51,PCT_VIV_REFRI,Goods and mobility,"Share of dwellings with a refrigerator.",decimal,%,2,Both,PIPELINE,VPH_REFRI,"100 × VIV_REFRI / VIV_CARACT.",VIV_CARACT,S; D0,Adaptive capacity,−,10_build.R,"RZ_SREFRI = 100 − this value (CONEVAL publishes the deprivation)."
ageb_indicadores,52,PCT_VIV_LAVADORA,Goods and mobility,"Share of dwellings with a washing machine.",decimal,%,2,Both,PIPELINE,VPH_LAVAD,"100 × VIV_LAVADORA / VIV_CARACT.",VIV_CARACT,S; D0,Adaptive capacity,−,10_build.R,"RZ_SLAVAD = 100 − this value."
ageb_indicadores,53,PCT_VIV_AUTO,Goods and mobility,"Share of dwellings with a car or pickup truck.",decimal,%,2,Both,PIPELINE,VPH_AUTOM,"100 × VIV_AUTO / VIV_CARACT.",VIV_CARACT,S; D0,Adaptive capacity,−,10_build.R,"Evacuation capacity."
ageb_indicadores,54,PCT_VIV_RADIO,Communication and warnings,"Share of dwellings with a radio.",decimal,%,2,Both,PIPELINE,VPH_RADIO,"100 × VIV_RADIO / VIV_CARACT.",VIV_CARACT,S; D0,Adaptive capacity,−,10_build.R,"Early-warning channel that does not depend on the power grid or on data networks."
ageb_indicadores,55,PCT_VIV_TELEFONO,Communication and warnings,"Share of dwellings with a landline telephone.",decimal,%,2,Both,PIPELINE,VPH_TELEF,"100 × VIV_TELEFONO / VIV_CARACT.",VIV_CARACT,S; D0,Adaptive capacity,−,10_build.R,"RZ_STELF = 100 − this value."
ageb_indicadores,56,PCT_VIV_CELULAR,Communication and warnings,"Share of dwellings with a mobile phone.",decimal,%,2,Both,PIPELINE,VPH_CEL,"100 × VIV_CELULAR / VIV_CARACT.",VIV_CARACT,S; D0,Adaptive capacity,−,10_build.R,"RZ_SCEL = 100 − this value."
ageb_indicadores,57,PCT_VIV_INTERNET,Communication and warnings,"Share of dwellings with internet.",decimal,%,2,Both,PIPELINE,VPH_INTER,"100 × VIV_INTERNET / VIV_CARACT.",VIV_CARACT,S; D0,Adaptive capacity,−,10_build.R,"RZ_SINTER = 100 − this value."
ageb_indicadores,58,PCT_VIV_COMPU,Communication and warnings,"Share of dwellings with a computer, laptop or tablet.",decimal,%,2,Both,PIPELINE,VPH_PC,"100 × VIV_COMPU / VIV_CARACT.",VIV_CARACT,S; D0,Adaptive capacity,−,10_build.R,"RZ_SCOMPU = 100 − this value."
ageb_indicadores,59,PCT_VIV_SIN_RADIO_TV,Communication and warnings,"Share of dwellings with neither radio nor television.",decimal,%,2,Both,PIPELINE,VPH_SINRTV,"100 × VIV_SIN_RADIO_TV / VIV_CARACT.",VIV_CARACT,S; D0,Adaptive capacity,+,10_build.R,
ageb_indicadores,60,PCT_VIV_SIN_TEL_CEL,Communication and warnings,"Share of dwellings with neither landline nor mobile phone.",decimal,%,2,Both,PIPELINE,VPH_SINLTC,"100 × VIV_SIN_TEL_CEL / VIV_CARACT.",VIV_CARACT,S; D0,Adaptive capacity,+,10_build.R,
ageb_indicadores,61,PCT_VIV_SIN_TIC,Communication and warnings,"Share of dwellings with no information and communication technology at all.",decimal,%,2,Both,PIPELINE,VPH_SINTIC,"100 × VIV_SIN_TIC / VIV_CARACT.",VIV_CARACT,S; D0,Adaptive capacity,+,10_build.R,"No radio, TV, computer, landline, mobile phone, internet, pay TV, streaming or games console. Highly correlated with PCT_VIV_SIN_BIENES."
ageb_indicadores,62,PCT_VIV_SIN_BIENES,Goods and mobility,"Share of dwellings with no goods at all.",decimal,%,2,Both,PIPELINE,VPH_SNBIEN,"100 × VIV_SIN_BIENES / VIV_CARACT.",VIV_CARACT,S; D0,Adaptive capacity,+,10_build.R,"No refrigerator, washing machine, microwave, vehicle, bicycle or any ICT."
ageb_indicadores,63,GRAPROES,Social lag,"Average years of schooling of the population aged 15 and over.",decimal,years completed,2,Both,CPV2020_AGEB / CPV2020_ITER,GRAPROES,"ESC_ANIOS_TOT / POB_15YMAS, where ESC_ANIOS_TOT = Σ GRAPROES × P_15YMAS of each locality (rural) or of the AGEB (urban).",Population aged 15 and over,S; D0,Adaptive capacity,−,04_census_urban.R; 10_build.R,"Averages are not summed: they are turned into totals and divided again (D-17). INEGI excludes those who did not specify their grade; here the denominator includes them, a minor difference."
ageb_indicadores,64,PRO_OCUP_C,Social lag,"Average occupants per room in inhabited private dwellings.",decimal,occupants/room,2,Both,CPV2020_AGEB / CPV2020_ITER,PRO_OCUP_C,"OCUP_CON_CUARTOS / CUARTOS_TOT, with CUARTOS_TOT = Σ OCUPVIVPAR / PRO_OCUP_C (only where PRO_OCUP_C > 0).",Rooms of inhabited private dwellings,S; D0,Sensitivity,+,04_census_urban.R; 10_build.R,"Stand-in for RZ_HACIN (the census does not publish the count of overcrowded dwellings). Not validated against CONEVAL because one is an average and the other a share."
ageb_indicadores,65,GRS_GRADO,CONEVAL validation,"CONEVAL's Social Lag Grade (Grado de Rezago Social) of the urban AGEB.",ordinal categorical,,,Urban only,CONEVAL_GRS2020,Grado de Rezago Social (col. 28),"Read directly.",,E: rural; S: not published by CONEVAL,External validation,+,06_coneval.R,"Values: Muy bajo, Bajo, Medio, Alto, Muy alto (very low to very high). There is no continuous index (IRS) per AGEB (D-23)."
ageb_indicadores,66,GRS_NUM,CONEVAL validation,"Social Lag Grade, numerically coded.",integer,ordinal 1–5,,Urban only,PIPELINE,GRS_GRADO,"1 = Muy bajo (very low), 2 = Bajo, 3 = Medio, 4 = Alto, 5 = Muy alto (very high).",,E: rural; S: not published by CONEVAL,External validation,+,06_coneval.R,"Ordinal: do not average it as if it were continuous."
ageb_indicadores,67,RZ_ANALF,CONEVAL validation,"CONEVAL: % of population aged 15 or over who are illiterate.",decimal,%,,Urban only,CONEVAL_GRS2020,col. 11,"Read directly, unrounded.",As defined by CONEVAL,E: rural; S: not published by CONEVAL,External validation,+,06_coneval.R,"Census equivalent: PCT_ANALF."
ageb_indicadores,68,RZ_INA614,CONEVAL validation,"CONEVAL: % of population aged 6 to 14 not attending school.",decimal,%,,Urban only,CONEVAL_GRS2020,col. 12,"Read directly.",As defined by CONEVAL,E: rural; S: not published by CONEVAL,External validation,+,06_coneval.R,"Equivalent: PCT_NOASIS_6A14."
ageb_indicadores,69,RZ_INA1524,CONEVAL validation,"CONEVAL: % of population aged 15 to 24 not attending school.",decimal,%,,Urban only,CONEVAL_GRS2020,col. 13,"Read directly.",As defined by CONEVAL,E: rural; S: not published by CONEVAL,External validation,+,06_coneval.R,"Equivalent: PCT_NOASIS_15A24."
ageb_indicadores,70,RZ_EBINC,CONEVAL validation,"CONEVAL: % of population aged 15 or over with incomplete basic education.",decimal,%,,Urban only,CONEVAL_GRS2020,col. 14,"Read directly.",As defined by CONEVAL,E: rural; S: not published by CONEVAL,External validation,+,06_coneval.R,"Equivalent: PCT_EDU_BAS_INC."
ageb_indicadores,71,RZ_SSALUD,CONEVAL validation,"CONEVAL: % of population without health service entitlement.",decimal,%,,Urban only,CONEVAL_GRS2020,col. 15,"Read directly.",As defined by CONEVAL,E: rural; S: not published by CONEVAL,External validation,+,06_coneval.R,"Equivalent: PCT_POB_SIN_SALUD."
ageb_indicadores,72,RZ_HACIN,CONEVAL validation,"CONEVAL: % of overcrowded dwellings.",decimal,%,,Urban only,CONEVAL_GRS2020,col. 16,"Read directly.",As defined by CONEVAL,E: rural; S: not published by CONEVAL,External validation,+,06_coneval.R,"No exact equivalent; PRO_OCUP_C is the closest stand-in."
ageb_indicadores,73,RZ_SAGUA,CONEVAL validation,"CONEVAL: % of dwellings without piped water from the public network.",decimal,%,,Urban only,CONEVAL_GRS2020,col. 17,"Read directly.",As defined by CONEVAL,E: rural; S: not published by CONEVAL,External validation,+,06_coneval.R,"Equivalent: PCT_VIV_SIN_AGUA."
ageb_indicadores,74,RZ_SEXCUS,CONEVAL validation,"CONEVAL: % of dwellings without a toilet or sanitary facility.",decimal,%,,Urban only,CONEVAL_GRS2020,col. 18,"Read directly.",As defined by CONEVAL,E: rural; S: not published by CONEVAL,External validation,+,06_coneval.R,"Equivalent: PCT_VIV_SIN_SANITARIO."
ageb_indicadores,75,RZ_SDREN,CONEVAL validation,"CONEVAL: % of dwellings without drainage.",decimal,%,,Urban only,CONEVAL_GRS2020,col. 19,"Read directly.",As defined by CONEVAL,E: rural; S: not published by CONEVAL,External validation,+,06_coneval.R,"Equivalent: PCT_VIV_SIN_DRENAJE."
ageb_indicadores,76,RZ_SELEC,CONEVAL validation,"CONEVAL: % of dwellings without electricity.",decimal,%,,Urban only,CONEVAL_GRS2020,col. 20,"Read directly.",As defined by CONEVAL,E: rural; S: not published by CONEVAL,External validation,+,06_coneval.R,"Equivalent: PCT_VIV_SIN_ELECTRIC."
ageb_indicadores,77,RZ_PISOT,CONEVAL validation,"CONEVAL: % of dwellings with a dirt floor.",decimal,%,,Urban only,CONEVAL_GRS2020,col. 21,"Read directly.",As defined by CONEVAL,E: rural; S: not published by CONEVAL,External validation,+,06_coneval.R,"Equivalent: PCT_VIV_PISO_TIERRA."
ageb_indicadores,78,RZ_SLAVAD,CONEVAL validation,"CONEVAL: % of dwellings without a washing machine.",decimal,%,,Urban only,CONEVAL_GRS2020,col. 22,"Read directly.",As defined by CONEVAL,E: rural; S: not published by CONEVAL,External validation,+,06_coneval.R,"Equivalent: 100 − PCT_VIV_LAVADORA."
ageb_indicadores,79,RZ_SREFRI,CONEVAL validation,"CONEVAL: % of dwellings without a refrigerator.",decimal,%,,Urban only,CONEVAL_GRS2020,col. 23,"Read directly.",As defined by CONEVAL,E: rural; S: not published by CONEVAL,External validation,+,06_coneval.R,"Equivalent: 100 − PCT_VIV_REFRI."
ageb_indicadores,80,RZ_STELF,CONEVAL validation,"CONEVAL: % of dwellings without a landline telephone.",decimal,%,,Urban only,CONEVAL_GRS2020,col. 24,"Read directly.",As defined by CONEVAL,E: rural; S: not published by CONEVAL,External validation,+,06_coneval.R,"Equivalent: 100 − PCT_VIV_TELEFONO."
ageb_indicadores,81,RZ_SCEL,CONEVAL validation,"CONEVAL: % of dwellings without a mobile phone.",decimal,%,,Urban only,CONEVAL_GRS2020,col. 25,"Read directly.",As defined by CONEVAL,E: rural; S: not published by CONEVAL,External validation,+,06_coneval.R,"Equivalent: 100 − PCT_VIV_CELULAR."
ageb_indicadores,82,RZ_SCOMPU,CONEVAL validation,"CONEVAL: % of dwellings without a computer, laptop or tablet.",decimal,%,,Urban only,CONEVAL_GRS2020,col. 26,"Read directly.",As defined by CONEVAL,E: rural; S: not published by CONEVAL,External validation,+,06_coneval.R,"Equivalent: 100 − PCT_VIV_COMPU."
ageb_indicadores,83,RZ_SINTER,CONEVAL validation,"CONEVAL: % of dwellings without internet.",decimal,%,,Urban only,CONEVAL_GRS2020,col. 27,"Read directly.",As defined by CONEVAL,E: rural; S: not published by CONEVAL,External validation,+,06_coneval.R,"Equivalent: 100 − PCT_VIV_INTERNET."
ageb_indicadores,84,DENUE_TOT,Economic activity,"Economic units registered in DENUE.",integer,establishments,,Both,DENUE,records,"Count of records whose AGEB key resolves to this AGEB.",,Never (0 = no establishments),Context,±,07_denue.R,"Includes every SCIAN sector. DENUE is from 2026-05, not 2020 (D-26)."
ageb_indicadores,85,DEN_MANUF,Economic activity,"Manufacturing economic units.",integer,establishments,,Both,DENUE,codigo_act,"Count with SCIAN sector 31, 32 or 33.",,Never,Context,±,07_denue.R,
ageb_indicadores,86,DEN_COM,Economic activity,"Trade economic units.",integer,establishments,,Both,DENUE,codigo_act,"Count with SCIAN sector 43 (wholesale) or 46 (retail).",,Never,Context,±,07_denue.R,"Proxy of access to supplies."
ageb_indicadores,87,DEN_SERV,Economic activity,"Service economic units.",integer,establishments,,Both,DENUE,codigo_act,"Count with SCIAN sector between 48 and 81.",,Never,Context,±,07_denue.R,"Includes DEN_EDU: the counts are not additive."
ageb_indicadores,88,DEN_EDU,Economic activity,"Educational service economic units.",integer,establishments,,Both,DENUE,codigo_act,"Count with SCIAN sector 61.",,Never,Adaptive capacity,−,07_denue.R,"Subset of DEN_SERV. Identical to SCHOOL_TOT across the country."
ageb_indicadores,89,DEN_GOB,Economic activity,"Units of legislative, governmental and judicial activities.",integer,establishments,,Both,DENUE,codigo_act,"Count with SCIAN sector 93.",,Never,Adaptive capacity,−,07_denue.R,"Proxy of institutional presence."
ageb_indicadores,90,SCHOOL_TOT,Economic activity,"Schools (proxy of potential temporary shelters).",integer,establishments,,Both,DENUE,codigo_act,"Count with SCIAN subsector 611.",,Never,Adaptive capacity,−,07_denue.R,"Currently identical to DEN_EDU (sector 61 only has subsector 611). They are not official shelters."
ageb_indicadores,91,WATER_AREA,Hydrography,"Area of water bodies inside the AGEB.",decimal,km²,6,Both,INEGI_CA50,geometry,"Area of the intersection AGEB ∩ union of water bodies, in EPSG:6372.",,Never (0 = no water),Exposure (context),±,08_hydrology.R,"Areal intersection, never a spatial join (D-27)."
ageb_indicadores,92,WATER_PCT,Hydrography,"Share of the AGEB area covered by water bodies.",decimal,%,2,Both,PIPELINE,,"min(100, 100 × WATER_AREA / AREA_KM2).",AREA_KM2,Never,Exposure (context),±,08_hydrology.R,"Does not measure flood hazard: only the presence of mapped surface water."
ageb_indicadores,93,HAS_WATER,Hydrography,"Flag for the presence of water bodies in the AGEB.",binary,0/1,,Both,PIPELINE,,"1 if WATER_AREA > 0; 0 otherwise.",,Never,Exposure (context),±,08_hydrology.R,
ageb_indicadores,94,USO_DOM,Land use,"Land use and vegetation class covering the largest area of the AGEB.",categorical,,,Both,INEGI_USV7,DESCRIPCIO,"Class with the largest dissolved area inside the AGEB.",,C: no USV polygon intersects the AGEB,Exposure (context),±,09_landuse.R,"129 classes nationally; 'ASENTAMIENTOS HUMANOS' (human settlements) is the most frequent. Scale 1:250,000: little detail in small urban AGEB."
ageb_indicadores,95,USO_PCT,Land use,"Share of the AGEB covered by the dominant class.",decimal,%,2,Both,PIPELINE,,"min(100, 100 × area of USO_DOM / AREA_KM2).",AREA_KM2,C: same as USO_DOM,Exposure (context),n/a,09_landuse.R,
ageb_indicadores,96,PCT_URB,Land use,"Share of the AGEB classified as human settlement or urban area.",decimal,%,2,Both,PIPELINE,DESCRIPCIO,"min(100, Σ CLASS_PCT of classes containing ASENTAMIENTO, ZONA URBANA or URBANO).",AREA_KM2,Never (0 = no urban class),Exposure (context),±,09_landuse.R,"Coarse proxy of built-up surface (heat island), limited by the 1:250,000 scale."
ageb_indicadores,97,DIST_HOSP_KM,Health access,"Distance to the nearest operating hospital (second or third level of care), public or private.",decimal,km,3,Both,CLUES,"LATITUD, LONGITUD, NOMBRE TIPO ESTABLECIMIENTO","Euclidean distance in EPSG:6372 to the nearest hospital in the country. Urban and uninhabited rural: from the AGEB interior point. Inhabited rural: mean over its inhabited localities weighted by POBTOT (see DIST_ORIGEN).","Operating CLUES units of type DE HOSPITALIZACIÓN (inpatient), excluding psychiatric and addiction hospitals, geocoded within 5 km of their state",Never,Adaptive capacity,+,09b_health.R,"Straight-line distance, not travel time: it understates access problems in mountain areas. Includes 3,645 private hospitals, many of them small clinics; for people without social security use DIST_HOSP_PUB_KM."
ageb_indicadores,98,DIST_HOSP_PUB_KM,Health access,"Distance to the nearest operating public hospital (second or third level of care).",decimal,km,3,Both,CLUES,"LATITUD, LONGITUD, NOMBRE DE LA INSTITUCION","Same as DIST_HOSP_KM, restricted to public institutions.",Hospitals of DIST_HOSP_KM except private medical services and Red Cross,Never,Adaptive capacity,+,09b_health.R,"Straight-line distance, not travel time: it understates access problems in mountain areas. Always ≥ DIST_HOSP_KM (check health_public_hospital_not_nearer)."
ageb_indicadores,99,DIST_1NIVEL_PUB_KM,Health access,"Distance to the nearest operating public first-level care unit (health centre, family medicine unit, rural medical unit).",decimal,km,3,Both,CLUES,"LATITUD, LONGITUD, NIVEL ATENCION","Same as DIST_HOSP_KM, with first-level outpatient units.","Operating CLUES units, DE CONSULTA EXTERNA (outpatient) and PRIMER NIVEL (first level), public, fixed (no mobile units or brigades), excluding prosecutors, forensic services, CIJ, SCT and DIF",Never,Adaptive capacity,+,09b_health.R,"Straight-line distance, not travel time: it understates access problems in mountain areas. Almost always short (median < 1 km in urban AGEB); it discriminates mostly among rural AGEB."
ageb_indicadores,100,DIST_ORIGEN,Health access,"Point from which distances to health facilities, streams and the coast were measured.",categorical,,,Both,PIPELINE,,"'Localidades' if the AGEB is rural and has inhabited localities in {ENT}lpr.shp; otherwise 'Punto interior'.",,Never,Metadata,n/a,09b_health.R; 09c_terrain.R,"Values: Localidades (localities), Punto interior (interior point). Every urban AGEB uses the interior point; a rural one with Punto interior is uninhabited. For relief (ELEV_M, slopes) the same rule uses the whole polygon instead of the interior point, and 150 m discs instead of the locality points."
ageb_indicadores,101,ELEV_M,Relief and exposure,"Mean elevation of the inhabited ground above mean sea level.",decimal,m,1,Both,CEM4,raster value,"Mean of the CEM 4.0 cells (15 m). Urban and uninhabited rural: over the whole polygon. Inhabited rural: 150 m disc (TERRAIN_BUFFER_M) around each inhabited locality, mean weighted by POBTOT.",CEM cells inside the polygon or the discs,C: islands the CEM does not cover,Exposure (context),±,09c_terrain.R,"Referenced to the Mexican Gravimetric Geoid 2010. Can be slightly negative on coastal plains. Together with DIST_COSTA_KM it identifies low-lying coastal areas."
ageb_indicadores,102,PEND_MEDIA_GRAD,Relief and exposure,"Mean slope of the inhabited ground.",decimal,degrees,2,Both,CEM4,raster value,"terra::terrain(slope, degrees) over CEM 4.0; mean per zone. Urban and uninhabited rural: over the whole polygon. Inhabited rural: 150 m disc (TERRAIN_BUFFER_M) around each inhabited locality, mean weighted by POBTOT.",Same as ELEV_M,C: islands the CEM does not cover,Exposure (landslide),+,09c_terrain.R,"CEM 4.0 is radar-derived (ALOS PALSAR): in dense cities it partly follows rooftops, so urban slope reads somewhat rough."
ageb_indicadores,103,PCT_PEND_15,Relief and exposure,"Share of the inhabited ground with slope above 15 degrees.",decimal,%,2,Both,CEM4,raster value,"100 × share of cells with slope > 15°. Urban and uninhabited rural: over the whole polygon. Inhabited rural: 150 m disc (TERRAIN_BUFFER_M) around each inhabited locality, mean weighted by POBTOT.",Same as ELEV_M,C: islands the CEM does not cover,Exposure (landslide),+,09c_terrain.R,"15° is a common threshold for moderate susceptibility to mass movement."
ageb_indicadores,104,PCT_PEND_30,Relief and exposure,"Share of the inhabited ground with slope above 30 degrees.",decimal,%,2,Both,CEM4,raster value,"100 × share of cells with slope > 30°. Urban and uninhabited rural: over the whole polygon. Inhabited rural: 150 m disc (TERRAIN_BUFFER_M) around each inhabited locality, mean weighted by POBTOT.",Same as ELEV_M,C: islands the CEM does not cover,Exposure (landslide),+,09c_terrain.R,"Always ≤ PCT_PEND_15 (check terrain_slope_consistent). Median 0: highly concentrated in the mountains."
ageb_indicadores,105,DIST_CAUCE_KM,Relief and exposure,"Straight-line distance to the nearest stream of Strahler order 3 or higher.",decimal,km,3,Both,RED_HIDRO50,ORDER_1,"Distance in EPSG:6372 to the nearest segment of the hydrographic network with ORDER_1 ≥ 3 (STREAM_MIN_ORDER). From the interior point (urban and uninhabited rural) or from each inhabited locality, weighted by POBTOT (see DIST_ORIGEN).","Flow lines (streams and centre lines) of order ≥ 3, perennial or intermittent",Never,Exposure (flooding),−,09c_terrain.R,"At 1:50,000 almost any point lies a few hundred metres from a first-order gully; the order filter keeps streams with an appreciable catchment. Use it together with DESNIVEL_CAUCE_M: close and only slightly above is what signals risk."
ageb_indicadores,106,DESNIVEL_CAUCE_M,Relief and exposure,"Height of the inhabited ground above the nearest water: the bed of the order ≥ 3 stream or the sea, whichever is closer.",decimal,m,1,Both,CEM4; RED_HIDRO50; CONABIO_COSTA,,"ELEV_M of the origin (disc or polygon) minus the elevation of the nearest water: the lowest CEM cell within 45 m (STREAM_BED_RADIUS_M) of the closest point on the stream, or 0 if the coast is closer. Weighted by POBTOT in rural AGEB.",Same as DIST_CAUCE_KM,C: the stream bed falls outside the CEM,Exposure (flooding),−,09c_terrain.R,"Approximation of HAND (height above nearest drainage) using the stream nearest in plan, not the one on the actual flow path: it can be negative if that stream runs in the next valley. It does not account for levees, channel capacity or rainfall."
ageb_indicadores,107,DIST_COSTA_KM,Relief and exposure,"Straight-line distance to the coastline.",decimal,km,3,Both,CONABIO_COSTA,DESCRIP,"Distance in EPSG:6372 to the nearest coastline segment, excluding the Frontera (land border) segments. Same origins as DIST_CAUCE_KM.",Mainland and island coastline,Never,Exposure (storm surge),−,09c_terrain.R,"Coastal lagoons count only where the CONABIO layer draws them as coast. For storm surge, combine with ELEV_M (e.g. < 10 m)."
ageb_indicadores,108,AMZ_INUND,Hazard (CENAPRED),Flood hazard grade of the municipality the AGEB belongs to.,ordinal categorical,grade (1–5),,Both,CENAPRED_SITU2023,gp_inundac,"CENAPRED label recoded: Muy bajo=1, Bajo=2, Medio=3, Alto=4, Muy alto=5.",,C: only if the municipality has no row in the CENAPRED table,Hazard (outside the index),n/a,13_hazard.R,"Municipal resolution: every AGEB in the municipality shares the value. It is an ordinal class, not a physical magnitude, and its scale is not comparable with another hazard. It stays out of the vulnerability index (D-30). Nationally almost uniform across the five classes (492–496 municipalities each)."
ageb_indicadores,109,AMZ_SEQUIA,Hazard (CENAPRED),Drought hazard grade of the municipality the AGEB belongs to.,ordinal categorical,grade (1–5),,Both,CENAPRED_SITU2023,gp_sequia2,"CENAPRED label recoded: Muy bajo=1, Bajo=2, Medio=3, Alto=4, Muy alto=5.",,C: only if the municipality has no row in the CENAPRED table,Hazard (outside the index),n/a,13_hazard.R,"Municipal resolution: every AGEB in the municipality shares the value. It is an ordinal class, not a physical magnitude, and its scale is not comparable with another hazard. It stays out of the vulnerability index (D-30). Heavily skewed: only 9 municipalities are Muy alto and 1,082 are Bajo."
ageb_indicadores,110,AMZ_ONDA_CAL,Hazard (CENAPRED),Heat-wave hazard grade of the municipality the AGEB belongs to.,ordinal categorical,grade (1–5),,Both,CENAPRED_SITU2023,gp_ondasca,"CENAPRED label recoded: Muy bajo=1, Bajo=2, Medio=3, Alto=4, Muy alto=5.",,C: only if the municipality has no row in the CENAPRED table,Hazard (outside the index),n/a,13_hazard.R,"Municipal resolution: every AGEB in the municipality shares the value. It is an ordinal class, not a physical magnitude, and its scale is not comparable with another hazard. It stays out of the vulnerability index (D-30). It is the heat hazard available at this scale; it does not replace an intra-urban heat-island indicator."
ageb_indicadores,111,AMZ_CICLON,Hazard (CENAPRED),Tropical cyclone hazard grade of the municipality the AGEB belongs to.,ordinal categorical,grade (1–5),,Both,CENAPRED_SITU2023,gp_ciclnes,"CENAPRED label recoded: Muy bajo=1, Bajo=2, Medio=3, Alto=4, Muy alto=5.",,C: only if the municipality has no row in the CENAPRED table,Hazard (outside the index),n/a,13_hazard.R,"Municipal resolution: every AGEB in the municipality shares the value. It is an ordinal class, not a physical magnitude, and its scale is not comparable with another hazard. It stays out of the vulnerability index (D-30)."
ageb_indicadores,112,AMZ_DESLIZ,Hazard (CENAPRED),Landslide susceptibility grade of the municipality the AGEB belongs to.,ordinal categorical,grade (1–5),,Both,CENAPRED_SITU2023,susceplad,"CENAPRED label recoded: Muy bajo=1, Bajo=2, Medio=3, Alto=4, Muy alto=5.",,C: only if the municipality has no row in the CENAPRED table,Hazard (outside the index),n/a,13_hazard.R,"Municipal resolution: every AGEB in the municipality shares the value. It is an ordinal class, not a physical magnitude, and its scale is not comparable with another hazard. It stays out of the vulnerability index (D-30). Terrain susceptibility, not a hazard with a return period. 1,692 of 2,469 municipalities are Alto, so on its own it discriminates little."
ageb_indicadores,113,AMZ_TORM_ELEC,Hazard (CENAPRED),Thunderstorm hazard grade of the municipality the AGEB belongs to.,ordinal categorical,grade (1–5),,Both,CENAPRED_SITU2023,gp_tormele,"CENAPRED label recoded: Muy bajo=1, Bajo=2, Medio=3, Alto=4, Muy alto=5.",,C: only if the municipality has no row in the CENAPRED table,Hazard (outside the index),n/a,13_hazard.R,"Municipal resolution: every AGEB in the municipality shares the value. It is an ordinal class, not a physical magnitude, and its scale is not comparable with another hazard. It stays out of the vulnerability index (D-30)."
ageb_indicadores,114,AMZ_GRANIZO,Hazard (CENAPRED),Hail hazard grade of the municipality the AGEB belongs to.,ordinal categorical,grade (1–5),,Both,CENAPRED_SITU2023,gp_granizo,"CENAPRED label recoded: Muy bajo=1, Bajo=2, Medio=3, Alto=4, Muy alto=5.",,C: only if the municipality has no row in the CENAPRED table,Hazard (outside the index),n/a,13_hazard.R,"Municipal resolution: every AGEB in the municipality shares the value. It is an ordinal class, not a physical magnitude, and its scale is not comparable with another hazard. It stays out of the vulnerability index (D-30)."
ageb_indicadores,115,AMZ_TEMP_BAJA,Hazard (CENAPRED),Low-temperature hazard grade of the municipality the AGEB belongs to.,ordinal categorical,grade (1–5),,Both,CENAPRED_SITU2023,gp_bajaste,"CENAPRED label recoded: Muy bajo=1, Bajo=2, Medio=3, Alto=4, Muy alto=5.",,C: only if the municipality has no row in the CENAPRED table,Hazard (outside the index),n/a,13_hazard.R,"Municipal resolution: every AGEB in the municipality shares the value. It is an ordinal class, not a physical magnitude, and its scale is not comparable with another hazard. It stays out of the vulnerability index (D-30)."
ageb_indicadores,116,AMZ_NEVADA,Hazard (CENAPRED),Snowfall hazard grade of the municipality the AGEB belongs to.,ordinal categorical,grade (1–5),,Both,CENAPRED_SITU2023,gp_nevadas,"CENAPRED label recoded: Muy bajo=1, Bajo=2, Medio=3, Alto=4, Muy alto=5.",,C: only if the municipality has no row in the CENAPRED table,Hazard (outside the index),n/a,13_hazard.R,"Municipal resolution: every AGEB in the municipality shares the value. It is an ordinal class, not a physical magnitude, and its scale is not comparable with another hazard. It stays out of the vulnerability index (D-30). 2,318 of 2,469 municipalities are Muy bajo: informative only in the north and in high mountain areas."
ageb_indicadores,117,AMZ_SISMO,Hazard (CENAPRED),Seismic hazard grade of the municipality the AGEB belongs to.,ordinal categorical,grade (1–5),,Both,CENAPRED_SITU2023,gp_sismico,"CENAPRED label recoded: Muy bajo=1, Bajo=2, Medio=3, Alto=4, Muy alto=5.",,C: only if the municipality has no row in the CENAPRED table,Hazard (outside the index),n/a,13_hazard.R,"Municipal resolution: every AGEB in the municipality shares the value. It is an ordinal class, not a physical magnitude, and its scale is not comparable with another hazard. It stays out of the vulnerability index (D-30). Not a climate hazard; included for multi-hazard analysis. The Muy bajo class is used in no municipality."
ageb_indicadores,118,AMZ_VOLCAN,Hazard (CENAPRED),Volcanic hazard grade of the municipality the AGEB belongs to.,ordinal categorical,grade (0–5),,Both,CENAPRED_SITU2023,volcanes,"CENAPRED label recoded: Muy bajo=1, Bajo=2, Medio=3, Alto=4, Muy alto=5. 'Sin peligro' = 0.",,C: only if the municipality has no row in the CENAPRED table,Hazard (outside the index),n/a,13_hazard.R,"Municipal resolution: every AGEB in the municipality shares the value. It is an ordinal class, not a physical magnitude, and its scale is not comparable with another hazard. It stays out of the vulnerability index (D-30). The only column where 0 = 'Sin Peligro' (1,138 municipalities), a real absence of hazard, not missing data. Not a climate hazard."
ageb_indicadores,119,AMZ_SUS_TOX,Hazard (CENAPRED),Toxic-substance hazard grade of the municipality the AGEB belongs to.,ordinal categorical,grade (0–5),,Both,CENAPRED_SITU2023,gp_sustox,"CENAPRED label recoded: Muy bajo=1, Bajo=2, Medio=3, Alto=4, Muy alto=5. 'Sin peligro' = 0.",,"C: 12 recently created municipalities (02006, 04012, 07120–07125, 17034–17036, 23011) carry a blank field in the source",Hazard (outside the index),n/a,13_hazard.R,"Municipal resolution: every AGEB in the municipality shares the value. It is an ordinal class, not a physical magnitude, and its scale is not comparable with another hazard. It stays out of the vulnerability index (D-30). Technological risk, not climate. 0 = 'Sin peligro': the municipality registers no facility handling those substances, it is not missing data."
ageb_indicadores,120,AMZ_SUS_INFLA,Hazard (CENAPRED),Flammable-substance hazard grade of the municipality the AGEB belongs to.,ordinal categorical,grade (0–5),,Both,CENAPRED_SITU2023,gp_susinfl,"CENAPRED label recoded: Muy bajo=1, Bajo=2, Medio=3, Alto=4, Muy alto=5. 'Sin peligro' = 0.",,"C: 12 recently created municipalities (02006, 04012, 07120–07125, 17034–17036, 23011) carry a blank field in the source",Hazard (outside the index),n/a,13_hazard.R,"Municipal resolution: every AGEB in the municipality shares the value. It is an ordinal class, not a physical magnitude, and its scale is not comparable with another hazard. It stays out of the vulnerability index (D-30). Technological risk, not climate. 0 = 'Sin peligro': the municipality registers no facility handling those substances, it is not missing data."
ageb_indicadores,121,CEN_RESIL,Hazard (CENAPRED),Resilience grade of the municipality according to CENAPRED.,ordinal categorical,grade (1–5),,Both,CENAPRED_SITU2023,g_resilien,"CENAPRED label recoded: Muy bajo=1, Bajo=2, Medio=3, Alto=4, Muy alto=5.",,C: only if the municipality has no row in the CENAPRED table,External validation,−,13_hazard.R,"CENAPRED's own municipal judgement, not an input to the index: published to contrast with what this database computes per AGEB, like GRS_GRADO (D-23). A higher value means more resilience, that is, less vulnerability."
ageb_indicadores,122,CEN_VULN_CC,Hazard (CENAPRED),Municipality classified by CENAPRED as vulnerable to climate change.,binary,,,Both,CENAPRED_SITU2023,v_cc,"'Si' = 1, 'No' = 0.",,"C: 12 recently created municipalities (02006, 04012, 07120–07125, 17034–17036, 23011) carry a blank field in the source",External validation,+,13_hazard.R,"319 municipalities marked Sí. CENAPRED does not publish the cut-off criterion with this layer; use it as a contrast, not as an input."
ageb_indicadores,123,ING_MUN_HOG_TRIM,Income (municipal),Mean quarterly current income per household of the municipality the AGEB belongs to.,decimal,2022 pesos per household per quarter,0,Both,ICMM2022,icpth (est = 1),"INEGI small-area estimate from the ENIGH 2022, the 2020 census and administrative records; taken as published.",Households of the municipality,C: only if the municipality has no row in the ICMM,Adaptive capacity,−,13b_income.R,"Municipal resolution: every AGEB in the municipality shares the value and there is no within-municipality variation. It is a mean (pulled up by the highest-income households), at current prices of August–November 2022; divide by 3 for monthly income. The census asks no income question, so this is the only income measure in the database."
ageb_indicadores,124,ING_MUN_LIM_INF,Income (municipal),Lower bound of the 90% confidence interval of ING_MUN_HOG_TRIM.,decimal,2022 pesos per household per quarter,0,Both,ICMM2022,icpth (est = 3),Direct.,Households of the municipality,C: only if the municipality has no row in the ICMM,Reliability,n/a,13b_income.R,Equals ING_MUN_HOG_TRIM − 1.645 × standard error. Use it to decide whether two municipalities really differ.
ageb_indicadores,125,ING_MUN_LIM_SUP,Income (municipal),Upper bound of the 90% confidence interval of ING_MUN_HOG_TRIM.,decimal,2022 pesos per household per quarter,0,Both,ICMM2022,icpth (est = 4),Direct.,Households of the municipality,C: only if the municipality has no row in the ICMM,Reliability,n/a,13b_income.R,Equals ING_MUN_HOG_TRIM + 1.645 × standard error.
ageb_indicadores,126,ING_MUN_CV,Income (municipal),Coefficient of variation of ING_MUN_HOG_TRIM.,decimal,%,2,Both,ICMM2022,icpth (est = 5),Direct (100 × standard error / estimate).,Households of the municipality,C: only if the municipality has no row in the ICMM,Reliability,n/a,13b_income.R,"INEGI rates precision as high with CV < 15, moderate with 15–30 and low with 30 or more. In the 2022 edition every municipality stays below 12.4 (high); the highest are small Oaxaca municipalities."
ageb_indicadores,127,POB_0A2,Census counts,Population aged 0 to 2.,decimal (count),persons,,Both,CPV2020_AGEB / CPV2020_ITER,P_0A2,"Direct (urban) or sum (rural, PERS group).",,S,Count for re-aggregation,n/a,04_census_urban.R; 05_census_rural.R,"Counts are published for re-aggregation to other geographies: sum numerators and denominators, never shares."
ageb_indicadores,128,POB_3A5,Census counts,Population aged 3 to 5.,decimal (count),persons,,Both,CPV2020_AGEB / CPV2020_ITER,P_3A5,Same as POB_0A2.,,S,Count for re-aggregation,n/a,04_census_urban.R; 05_census_rural.R,
ageb_indicadores,129,POB_65YMAS,Census counts,Population aged 65 and over.,decimal (count),persons,,Both,CPV2020_AGEB / CPV2020_ITER,POB65_MAS,Same as POB_0A2.,,S,Count for re-aggregation,n/a,04_census_urban.R; 05_census_rural.R,
ageb_indicadores,130,POB_DISC,Census counts,Population with a disability.,decimal (count),persons,,Both,CPV2020_AGEB / CPV2020_ITER,PCON_DISC,Same as POB_0A2.,,S,Count for re-aggregation,n/a,04_census_urban.R; 05_census_rural.R,
ageb_indicadores,131,POB_3YMAS,Census counts,Population aged 3 and over.,decimal (count),persons,,Both,CPV2020_AGEB / CPV2020_ITER,P_3YMAS,Same as POB_0A2.,,S,Count for re-aggregation,n/a,04_census_urban.R; 05_census_rural.R,
ageb_indicadores,132,POB_HLI,Census counts,Population aged 3 and over who speak an indigenous language.,decimal (count),persons,,Both,CPV2020_AGEB / CPV2020_ITER,P3YM_HLI,Same as POB_0A2.,,S,Count for re-aggregation,n/a,04_census_urban.R; 05_census_rural.R,
ageb_indicadores,133,POB_HLI_NHE,Census counts,Population aged 3 and over who speak an indigenous language and do not speak Spanish.,decimal (count),persons,,Both,CPV2020_AGEB / CPV2020_ITER,P3HLINHE,Same as POB_0A2.,,S,Count for re-aggregation,n/a,04_census_urban.R; 05_census_rural.R,
ageb_indicadores,134,POB_SIN_SALUD,Census counts,Population without health service affiliation.,decimal (count),persons,,Both,CPV2020_AGEB / CPV2020_ITER,PSINDER,Same as POB_0A2.,,S,Count for re-aggregation,n/a,04_census_urban.R; 05_census_rural.R,
ageb_indicadores,135,POB_15YMAS,Census counts,Population aged 15 and over.,decimal (count),persons,,Both,CPV2020_AGEB / CPV2020_ITER,P_15YMAS,Same as POB_0A2.,,S,Count for re-aggregation,n/a,04_census_urban.R; 05_census_rural.R,
ageb_indicadores,136,POB_15YMAS_ANALF,Census counts,Illiterate population aged 15 and over.,decimal (count),persons,,Both,CPV2020_AGEB / CPV2020_ITER,P15YM_AN,Same as POB_0A2.,,S,Count for re-aggregation,n/a,04_census_urban.R; 05_census_rural.R,
ageb_indicadores,137,POB_15YMAS_SIN_ESC,Census counts,Population aged 15 and over with no schooling (or preschool only).,decimal (count),persons,,Both,CPV2020_AGEB / CPV2020_ITER,P15YM_SE,Same as POB_0A2.,,S,Count for re-aggregation,n/a,04_census_urban.R; 05_census_rural.R,
ageb_indicadores,138,POB_15YMAS_PRIM_INC,Census counts,Population aged 15 and over with incomplete primary education.,decimal (count),persons,,Both,CPV2020_AGEB / CPV2020_ITER,P15PRI_IN,Same as POB_0A2.,,S,Count for re-aggregation,n/a,04_census_urban.R; 05_census_rural.R,
ageb_indicadores,139,POB_15YMAS_PRIM_COM,Census counts,Population aged 15 and over with complete primary education (as highest level).,decimal (count),persons,,Both,CPV2020_AGEB / CPV2020_ITER,P15PRI_CO,Same as POB_0A2.,,S,Count for re-aggregation,n/a,04_census_urban.R; 05_census_rural.R,
ageb_indicadores,140,POB_15YMAS_SEC_INC,Census counts,Population aged 15 and over with incomplete lower secondary education.,decimal (count),persons,,Both,CPV2020_AGEB / CPV2020_ITER,P15SEC_IN,Same as POB_0A2.,,S,Count for re-aggregation,n/a,04_census_urban.R; 05_census_rural.R,
ageb_indicadores,141,POB_6A11,Census counts,Population aged 6 to 11.,decimal (count),persons,,Both,CPV2020_AGEB / CPV2020_ITER,P_6A11,Same as POB_0A2.,,S,Count for re-aggregation,n/a,04_census_urban.R; 05_census_rural.R,
ageb_indicadores,142,POB_12A14,Census counts,Population aged 12 to 14.,decimal (count),persons,,Both,CPV2020_AGEB / CPV2020_ITER,P_12A14,Same as POB_0A2.,,S,Count for re-aggregation,n/a,04_census_urban.R; 05_census_rural.R,
ageb_indicadores,143,POB_6A11_NOASIS,Census counts,Population aged 6 to 11 not attending school.,decimal (count),persons,,Both,CPV2020_AGEB / CPV2020_ITER,P6A11_NOA,Same as POB_0A2.,,S,Count for re-aggregation,n/a,04_census_urban.R; 05_census_rural.R,
ageb_indicadores,144,POB_12A14_NOASIS,Census counts,Population aged 12 to 14 not attending school.,decimal (count),persons,,Both,CPV2020_AGEB / CPV2020_ITER,P12A14NOA,Same as POB_0A2.,,S,Count for re-aggregation,n/a,04_census_urban.R; 05_census_rural.R,
ageb_indicadores,145,POB_15A17,Census counts,Population aged 15 to 17.,decimal (count),persons,,Both,CPV2020_AGEB / CPV2020_ITER,P_15A17,Same as POB_0A2.,,S,Count for re-aggregation,n/a,04_census_urban.R; 05_census_rural.R,
ageb_indicadores,146,POB_18A24,Census counts,Population aged 18 to 24.,decimal (count),persons,,Both,CPV2020_AGEB / CPV2020_ITER,P_18A24,Same as POB_0A2.,,S,Count for re-aggregation,n/a,04_census_urban.R; 05_census_rural.R,
ageb_indicadores,147,POB_15A17_ASIS,Census counts,Population aged 15 to 17 attending school.,decimal (count),persons,,Both,CPV2020_AGEB / CPV2020_ITER,P15A17A,Same as POB_0A2.,,S,Count for re-aggregation,n/a,04_census_urban.R; 05_census_rural.R,
ageb_indicadores,148,POB_18A24_ASIS,Census counts,Population aged 18 to 24 attending school.,decimal (count),persons,,Both,CPV2020_AGEB / CPV2020_ITER,P18A24A,Same as POB_0A2.,,S,Count for re-aggregation,n/a,04_census_urban.R; 05_census_rural.R,
ageb_indicadores,149,POB_PEA,Census counts,Economically active population aged 12 and over.,decimal (count),persons,,Both,CPV2020_AGEB / CPV2020_ITER,PEA,Same as POB_0A2.,,S,Count for re-aggregation,n/a,04_census_urban.R; 05_census_rural.R,
ageb_indicadores,150,POB_PEA_F,Census counts,Economically active women aged 12 and over.,decimal (count),persons,,Both,CPV2020_AGEB / CPV2020_ITER,PEA_F,Same as POB_0A2.,,S,Count for re-aggregation,n/a,04_census_urban.R; 05_census_rural.R,
ageb_indicadores,151,POB_INAC,Census counts,Economically inactive population aged 12 and over.,decimal (count),persons,,Both,CPV2020_AGEB / CPV2020_ITER,PE_INAC,Same as POB_0A2.,,S,Count for re-aggregation,n/a,04_census_urban.R; 05_census_rural.R,
ageb_indicadores,152,POB_INAC_F,Census counts,Economically inactive women aged 12 and over.,decimal (count),persons,,Both,CPV2020_AGEB / CPV2020_ITER,PE_INAC_F,Same as POB_0A2.,,S,Count for re-aggregation,n/a,04_census_urban.R; 05_census_rural.R,
ageb_indicadores,153,POB_DESOCUP,Census counts,Unemployed population aged 12 and over.,decimal (count),persons,,Both,CPV2020_AGEB / CPV2020_ITER,PDESOCUP,Same as POB_0A2.,,S,Count for re-aggregation,n/a,04_census_urban.R; 05_census_rural.R,
ageb_indicadores,154,HOGARES,Census counts,Total census households.,decimal (count),households,,Both,CPV2020_AGEB / CPV2020_ITER,TOTHOG,"Direct (urban) or sum (rural, VIV group).",,S,Count for re-aggregation,n/a,04_census_urban.R; 05_census_rural.R,The census counts one household per private dwelling.
ageb_indicadores,155,HOGARES_JEFA,Census counts,Census households whose reference person is a woman.,decimal (count),households,,Both,CPV2020_AGEB / CPV2020_ITER,HOGJEF_F,Same as HOGARES.,,S,Count for re-aggregation,n/a,04_census_urban.R; 05_census_rural.R,
ageb_indicadores,156,VIV_OCUPANTES,Census counts,Occupants of inhabited private dwellings.,decimal (count),persons,,Both,CPV2020_AGEB / CPV2020_ITER,OCUPVIVPAR,Same as HOGARES.,,S,Count for re-aggregation,n/a,04_census_urban.R; 05_census_rural.R,
ageb_indicadores,157,VIV_SIN_DRENAJE,Census counts,Dwellings without drainage.,decimal (count),dwellings,,Both,CPV2020_AGEB / CPV2020_ITER,VPH_NODREN,Same as HOGARES.,,S,Count for re-aggregation,n/a,04_census_urban.R; 05_census_rural.R,Denominator for re-aggregating housing shares: VIV_CARACT.
ageb_indicadores,158,VIV_SIN_ELECTRICIDAD,Census counts,Dwellings without electricity.,decimal (count),dwellings,,Both,CPV2020_AGEB / CPV2020_ITER,VPH_S_ELEC,Same as HOGARES.,,S,Count for re-aggregation,n/a,04_census_urban.R; 05_census_rural.R,
ageb_indicadores,159,VIV_SIN_AGUA,Census counts,Dwellings without piped water inside the dwelling or its plot.,decimal (count),dwellings,,Both,CPV2020_AGEB / CPV2020_ITER,VPH_AGUAFV,Same as HOGARES.,,S,Count for re-aggregation,n/a,04_census_urban.R; 05_census_rural.R,
ageb_indicadores,160,VIV_PISO_TIERRA,Census counts,Dwellings with a dirt floor.,decimal (count),dwellings,,Both,CPV2020_AGEB / CPV2020_ITER,VPH_PISOTI,Same as HOGARES.,,S,Count for re-aggregation,n/a,04_census_urban.R; 05_census_rural.R,
ageb_indicadores,161,VIV_1CUARTO,Census counts,Dwellings with a single room.,decimal (count),dwellings,,Both,CPV2020_AGEB / CPV2020_ITER,VPH_1CUART,Same as HOGARES.,,S,Count for re-aggregation,n/a,04_census_urban.R; 05_census_rural.R,
ageb_indicadores,162,VIV_EXCUSADO,Census counts,Dwellings with a toilet or sanitary facility.,decimal (count),dwellings,,Both,CPV2020_AGEB / CPV2020_ITER,VPH_EXCSA,Same as HOGARES.,,S,Count for re-aggregation,n/a,04_census_urban.R; 05_census_rural.R,
ageb_indicadores,163,VIV_LETRINA,Census counts,Dwellings with a latrine (pit or hole).,decimal (count),dwellings,,Both,CPV2020_AGEB / CPV2020_ITER,VPH_LETR,Same as HOGARES.,,S,Count for re-aggregation,n/a,04_census_urban.R; 05_census_rural.R,
ageb_indicadores,164,VIV_TINACO,Census counts,Dwellings with a rooftop water tank (tinaco).,decimal (count),dwellings,,Both,CPV2020_AGEB / CPV2020_ITER,VPH_TINACO,Same as HOGARES.,,S,Count for re-aggregation,n/a,04_census_urban.R; 05_census_rural.R,
ageb_indicadores,165,VIV_CISTERNA,Census counts,Dwellings with a cistern.,decimal (count),dwellings,,Both,CPV2020_AGEB / CPV2020_ITER,VPH_CISTER,Same as HOGARES.,,S,Count for re-aggregation,n/a,04_census_urban.R; 05_census_rural.R,
ageb_indicadores,166,VIV_REFRI,Census counts,Dwellings with a refrigerator.,decimal (count),dwellings,,Both,CPV2020_AGEB / CPV2020_ITER,VPH_REFRI,Same as HOGARES.,,S,Count for re-aggregation,n/a,04_census_urban.R; 05_census_rural.R,
ageb_indicadores,167,VIV_LAVADORA,Census counts,Dwellings with a washing machine.,decimal (count),dwellings,,Both,CPV2020_AGEB / CPV2020_ITER,VPH_LAVAD,Same as HOGARES.,,S,Count for re-aggregation,n/a,04_census_urban.R; 05_census_rural.R,
ageb_indicadores,168,VIV_AUTO,Census counts,Dwellings with a car or pickup truck.,decimal (count),dwellings,,Both,CPV2020_AGEB / CPV2020_ITER,VPH_AUTOM,Same as HOGARES.,,S,Count for re-aggregation,n/a,04_census_urban.R; 05_census_rural.R,
ageb_indicadores,169,VIV_RADIO,Census counts,Dwellings with a radio.,decimal (count),dwellings,,Both,CPV2020_AGEB / CPV2020_ITER,VPH_RADIO,Same as HOGARES.,,S,Count for re-aggregation,n/a,04_census_urban.R; 05_census_rural.R,
ageb_indicadores,170,VIV_TELEFONO,Census counts,Dwellings with a landline telephone.,decimal (count),dwellings,,Both,CPV2020_AGEB / CPV2020_ITER,VPH_TELEF,Same as HOGARES.,,S,Count for re-aggregation,n/a,04_census_urban.R; 05_census_rural.R,
ageb_indicadores,171,VIV_CELULAR,Census counts,Dwellings with a mobile phone.,decimal (count),dwellings,,Both,CPV2020_AGEB / CPV2020_ITER,VPH_CEL,Same as HOGARES.,,S,Count for re-aggregation,n/a,04_census_urban.R; 05_census_rural.R,
ageb_indicadores,172,VIV_INTERNET,Census counts,Dwellings with internet.,decimal (count),dwellings,,Both,CPV2020_AGEB / CPV2020_ITER,VPH_INTER,Same as HOGARES.,,S,Count for re-aggregation,n/a,04_census_urban.R; 05_census_rural.R,
ageb_indicadores,173,VIV_COMPU,Census counts,"Dwellings with a computer, laptop or tablet.",decimal (count),dwellings,,Both,CPV2020_AGEB / CPV2020_ITER,VPH_PC,Same as HOGARES.,,S,Count for re-aggregation,n/a,04_census_urban.R; 05_census_rural.R,
ageb_indicadores,174,VIV_SIN_RADIO_TV,Census counts,Dwellings with neither radio nor television.,decimal (count),dwellings,,Both,CPV2020_AGEB / CPV2020_ITER,VPH_SINRTV,Same as HOGARES.,,S,Count for re-aggregation,n/a,04_census_urban.R; 05_census_rural.R,
ageb_indicadores,175,VIV_SIN_TEL_CEL,Census counts,Dwellings with neither landline nor mobile phone.,decimal (count),dwellings,,Both,CPV2020_AGEB / CPV2020_ITER,VPH_SINLTC,Same as HOGARES.,,S,Count for re-aggregation,n/a,04_census_urban.R; 05_census_rural.R,
ageb_indicadores,176,VIV_SIN_TIC,Census counts,Dwellings without information and communication technologies.,decimal (count),dwellings,,Both,CPV2020_AGEB / CPV2020_ITER,VPH_SINTIC,Same as HOGARES.,,S,Count for re-aggregation,n/a,04_census_urban.R; 05_census_rural.R,
ageb_indicadores,177,VIV_SIN_BIENES,Census counts,Dwellings with no goods at all.,decimal (count),dwellings,,Both,CPV2020_AGEB / CPV2020_ITER,VPH_SNBIEN,Same as HOGARES.,,S,Count for re-aggregation,n/a,04_census_urban.R; 05_census_rural.R,
ageb_indicadores,178,YEAR_GEOMETRY,Metadata,Reference year of the geometry.,integer,year,,Both,PIPELINE,YEARS$geometry,Constant (2020).,,Never,Metadata,n/a,00_config.R,
ageb_indicadores,179,YEAR_CENSUS,Metadata,Reference year of the census.,integer,year,,Both,PIPELINE,YEARS$census,Constant (2020).,,Never,Metadata,n/a,00_config.R,
ageb_indicadores,180,YEAR_CONEVAL,Metadata,Reference year of CONEVAL's GRS.,integer,year,,Both,PIPELINE,YEARS$coneval,Constant (2020).,,Never,Metadata,n/a,00_config.R,
ageb_indicadores,181,YEAR_DENUE,Metadata,DENUE version.,text,year-month,,Both,PIPELINE,YEARS$denue,Constant ('2026-05').,,Never,Metadata,n/a,00_config.R,Set by hand in 00_config.R: update it if DENUE is downloaded again.
ageb_indicadores,182,YEAR_HIDRO,Metadata,Reference year of the water body layer.,integer,year,,Both,PIPELINE,YEARS$hidro,Constant (2018).,,Never,Metadata,n/a,00_config.R,"1:50,000 topographic series III, surveyed 2013–2018."
ageb_indicadores,183,YEAR_USV,Metadata,Reference year of the land use and vegetation layer.,integer,year,,Both,PIPELINE,YEARS$usv,Constant (2021).,,Never,Metadata,n/a,00_config.R,"Series VII, published in 2021 with base-year 2018 imagery."
ageb_indicadores,184,YEAR_CLUES,Metadata,Cut-off of the CLUES catalog of health facilities.,text,year-month,,Both,PIPELINE,YEARS$clues,Constant ('2026-07').,,Never,Metadata,n/a,00_config.R,Set by hand in 00_config.R together with URL_CLUES and CLUES_FILE: update all three if another cut-off is downloaded.
ageb_indicadores,185,YEAR_CEM,Metadata,Publication year of the Continuo de Elevaciones Mexicano 4.0.,integer,year,,Both,PIPELINE,YEARS$cem,Constant (2024).,,Never,Metadata,n/a,00_config.R,ALOS PALSAR radar imagery from 2006–2011.
ageb_indicadores,186,YEAR_RED_HIDRO,Metadata,"Year of edition 2.0 of the 1:50,000 Hydrographic Network.",integer,year,,Both,PIPELINE,YEARS$red_hidro,Constant (2010).,,Never,Metadata,n/a,00_config.R,"Built on 1:50,000 topographic sheets from 1995–2002 depending on the sub-basin."
ageb_indicadores,187,YEAR_COSTA,Metadata,Year of the CONABIO coastline layer.,integer,year,,Both,PIPELINE,YEARS$costa,Constant (2018).,,Never,Metadata,n/a,00_config.R,RapidEye imagery from 2011–2014.
ageb_indicadores,188,YEAR_CENAPRED,Metadata,Update of the Sistema de Indicadores Municipales of the Atlas Nacional de Riesgos.,integer,year,,Both,CENAPRED_SITU2023,YEARS$cenapred,Constant (2023).,,Never,Metadata,n/a,13_hazard.R,The sociodemographic indicators CENAPRED built these grades from come from the 2020 census; 2023 is the publication cut-off.
ageb_indicadores,189,YEAR_ICMM,Metadata,Edition of the Ingreso Corriente para los Municipios de México.,integer,year,,Both,ICMM2022,YEARS$icmm,Constant (2022).,,Never,Metadata,n/a,13b_income.R,ENIGH 2022 fieldwork: 21 August to 28 November 2022. Published by INEGI on 2024-11-14.
ageb_integrada,91,DEN_SCIAN_11,"Economic activity","Economic units in SCIAN sector 11: Agriculture, animal production, forestry, fishing and hunting.",integer,establishments,,Both,DENUE,codigo_act,"Count of the AGEB's establishments whose SCIAN code starts with 11.",,"Never (0 = no establishments)",Context,±,14_integrate.R,"The 20 DEN_SCIAN_* add up exactly to DENUE_TOT. Wide form of denue_ageb_sector."
ageb_integrada,92,DEN_SCIAN_21,"Economic activity","Economic units in SCIAN sector 21: Mining.",integer,establishments,,Both,DENUE,codigo_act,"Count of the AGEB's establishments whose SCIAN code starts with 21.",,"Never (0 = no establishments)",Context,±,14_integrate.R,"The 20 DEN_SCIAN_* add up exactly to DENUE_TOT. Wide form of denue_ageb_sector."
ageb_integrada,93,DEN_SCIAN_22,"Economic activity","Economic units in SCIAN sector 22: Electric power generation and distribution, water and pipeline gas supply.",integer,establishments,,Both,DENUE,codigo_act,"Count of the AGEB's establishments whose SCIAN code starts with 22.",,"Never (0 = no establishments)",Context,±,14_integrate.R,"The 20 DEN_SCIAN_* add up exactly to DENUE_TOT. Wide form of denue_ageb_sector."
ageb_integrada,94,DEN_SCIAN_23,"Economic activity","Economic units in SCIAN sector 23: Construction.",integer,establishments,,Both,DENUE,codigo_act,"Count of the AGEB's establishments whose SCIAN code starts with 23.",,"Never (0 = no establishments)",Context,±,14_integrate.R,"The 20 DEN_SCIAN_* add up exactly to DENUE_TOT. Wide form of denue_ageb_sector."
ageb_integrada,95,DEN_SCIAN_31_33,"Economic activity","Economic units in SCIAN sector 31-33: Manufacturing.",integer,establishments,,Both,DENUE,codigo_act,"Count of the AGEB's establishments whose SCIAN code starts with 31 or 33.",,"Never (0 = no establishments)",Context,±,14_integrate.R,"The 20 DEN_SCIAN_* add up exactly to DENUE_TOT. Wide form of denue_ageb_sector."
ageb_integrada,96,DEN_SCIAN_43,"Economic activity","Economic units in SCIAN sector 43: Wholesale trade.",integer,establishments,,Both,DENUE,codigo_act,"Count of the AGEB's establishments whose SCIAN code starts with 43.",,"Never (0 = no establishments)",Context,±,14_integrate.R,"The 20 DEN_SCIAN_* add up exactly to DENUE_TOT. Wide form of denue_ageb_sector."
ageb_integrada,97,DEN_SCIAN_46,"Economic activity","Economic units in SCIAN sector 46: Retail trade.",integer,establishments,,Both,DENUE,codigo_act,"Count of the AGEB's establishments whose SCIAN code starts with 46.",,"Never (0 = no establishments)",Context,±,14_integrate.R,"The 20 DEN_SCIAN_* add up exactly to DENUE_TOT. Wide form of denue_ageb_sector."
ageb_integrada,98,DEN_SCIAN_48_49,"Economic activity","Economic units in SCIAN sector 48-49: Transportation, postal services and warehousing.",integer,establishments,,Both,DENUE,codigo_act,"Count of the AGEB's establishments whose SCIAN code starts with 48 or 49.",,"Never (0 = no establishments)",Context,±,14_integrate.R,"The 20 DEN_SCIAN_* add up exactly to DENUE_TOT. Wide form of denue_ageb_sector."
ageb_integrada,99,DEN_SCIAN_51,"Economic activity","Economic units in SCIAN sector 51: Information in mass media.",integer,establishments,,Both,DENUE,codigo_act,"Count of the AGEB's establishments whose SCIAN code starts with 51.",,"Never (0 = no establishments)",Context,±,14_integrate.R,"The 20 DEN_SCIAN_* add up exactly to DENUE_TOT. Wide form of denue_ageb_sector."
ageb_integrada,100,DEN_SCIAN_52,"Economic activity","Economic units in SCIAN sector 52: Financial and insurance services.",integer,establishments,,Both,DENUE,codigo_act,"Count of the AGEB's establishments whose SCIAN code starts with 52.",,"Never (0 = no establishments)",Context,±,14_integrate.R,"The 20 DEN_SCIAN_* add up exactly to DENUE_TOT. Wide form of denue_ageb_sector."
ageb_integrada,101,DEN_SCIAN_53,"Economic activity","Economic units in SCIAN sector 53: Real estate and rental and leasing.",integer,establishments,,Both,DENUE,codigo_act,"Count of the AGEB's establishments whose SCIAN code starts with 53.",,"Never (0 = no establishments)",Context,±,14_integrate.R,"The 20 DEN_SCIAN_* add up exactly to DENUE_TOT. Wide form of denue_ageb_sector."
ageb_integrada,102,DEN_SCIAN_54,"Economic activity","Economic units in SCIAN sector 54: Professional, scientific and technical services.",integer,establishments,,Both,DENUE,codigo_act,"Count of the AGEB's establishments whose SCIAN code starts with 54.",,"Never (0 = no establishments)",Context,±,14_integrate.R,"The 20 DEN_SCIAN_* add up exactly to DENUE_TOT. Wide form of denue_ageb_sector."
ageb_integrada,103,DEN_SCIAN_55,"Economic activity","Economic units in SCIAN sector 55: Management of companies.",integer,establishments,,Both,DENUE,codigo_act,"Count of the AGEB's establishments whose SCIAN code starts with 55.",,"Never (0 = no establishments)",Context,±,14_integrate.R,"The 20 DEN_SCIAN_* add up exactly to DENUE_TOT. Wide form of denue_ageb_sector."
ageb_integrada,104,DEN_SCIAN_56,"Economic activity","Economic units in SCIAN sector 56: Business support, waste management and remediation services.",integer,establishments,,Both,DENUE,codigo_act,"Count of the AGEB's establishments whose SCIAN code starts with 56.",,"Never (0 = no establishments)",Context,±,14_integrate.R,"The 20 DEN_SCIAN_* add up exactly to DENUE_TOT. Wide form of denue_ageb_sector."
ageb_integrada,105,DEN_SCIAN_61,"Economic activity","Economic units in SCIAN sector 61: Educational services.",integer,establishments,,Both,DENUE,codigo_act,"Count of the AGEB's establishments whose SCIAN code starts with 61.",,"Never (0 = no establishments)",Context,±,14_integrate.R,"The 20 DEN_SCIAN_* add up exactly to DENUE_TOT. Wide form of denue_ageb_sector."
ageb_integrada,106,DEN_SCIAN_62,"Economic activity","Economic units in SCIAN sector 62: Health care and social assistance.",integer,establishments,,Both,DENUE,codigo_act,"Count of the AGEB's establishments whose SCIAN code starts with 62.",,"Never (0 = no establishments)",Context,±,14_integrate.R,"The 20 DEN_SCIAN_* add up exactly to DENUE_TOT. Wide form of denue_ageb_sector."
ageb_integrada,107,DEN_SCIAN_71,"Economic activity","Economic units in SCIAN sector 71: Arts, entertainment and recreation.",integer,establishments,,Both,DENUE,codigo_act,"Count of the AGEB's establishments whose SCIAN code starts with 71.",,"Never (0 = no establishments)",Context,±,14_integrate.R,"The 20 DEN_SCIAN_* add up exactly to DENUE_TOT. Wide form of denue_ageb_sector."
ageb_integrada,108,DEN_SCIAN_72,"Economic activity","Economic units in SCIAN sector 72: Accommodation and food services.",integer,establishments,,Both,DENUE,codigo_act,"Count of the AGEB's establishments whose SCIAN code starts with 72.",,"Never (0 = no establishments)",Context,±,14_integrate.R,"The 20 DEN_SCIAN_* add up exactly to DENUE_TOT. Wide form of denue_ageb_sector."
ageb_integrada,109,DEN_SCIAN_81,"Economic activity","Economic units in SCIAN sector 81: Other services except public administration.",integer,establishments,,Both,DENUE,codigo_act,"Count of the AGEB's establishments whose SCIAN code starts with 81.",,"Never (0 = no establishments)",Context,±,14_integrate.R,"The 20 DEN_SCIAN_* add up exactly to DENUE_TOT. Wide form of denue_ageb_sector."
ageb_integrada,110,DEN_SCIAN_93,"Economic activity","Economic units in SCIAN sector 93: Public administration.",integer,establishments,,Both,DENUE,codigo_act,"Count of the AGEB's establishments whose SCIAN code starts with 93.",,"Never (0 = no establishments)",Context,±,14_integrate.R,"The 20 DEN_SCIAN_* add up exactly to DENUE_TOT. Wide form of denue_ageb_sector."
ageb_integrada,117,USV_PCT_URBANO,"Land use","Share of the AGEB covered by human settlements and urban area.",decimal,%,2,Both,INEGI_USV7,DESCRIPCIO,"min(100, Σ CLASS_PCT of the group's USYV classes), per the USV_GROUPS table in 14_integrate.R.",AREA_KM2,"C: no USV polygon intersects the AGEB (same as USO_DOM); 0 = no class of the group","Exposure (context)",±,14_integrate.R,"ASENTAMIENTOS HUMANOS, ZONA URBANA. Equal to PCT_URB up to rounding. The 12 USV_PCT_* add up to ≤ 100 (less if the layer does not cover the whole AGEB)."
ageb_integrada,118,USV_PCT_AGUA,"Land use","Share of the AGEB covered by water bodies and aquaculture.",decimal,%,2,Both,INEGI_USV7,DESCRIPCIO,"min(100, Σ CLASS_PCT of the group's USYV classes), per the USV_GROUPS table in 14_integrate.R.",AREA_KM2,"C: no USV polygon intersects the AGEB (same as USO_DOM); 0 = no class of the group","Exposure (context)",±,14_integrate.R,"CUERPO DE AGUA, ACUÍCOLA. Complements WATER_PCT (INEGI hydrology 1:50,000), which is finer. The 12 USV_PCT_* add up to ≤ 100 (less if the layer does not cover the whole AGEB)."
ageb_integrada,119,USV_PCT_SECUNDARIA,"Land use","Share of the AGEB covered by secondary vegetation (tree, shrub or herbaceous) of any formation.",decimal,%,2,Both,INEGI_USV7,DESCRIPCIO,"min(100, Σ CLASS_PCT of the group's USYV classes), per the USV_GROUPS table in 14_integrate.R.",AREA_KM2,"C: no USV polygon intersects the AGEB (same as USO_DOM); 0 = no class of the group","Exposure (context)",±,14_integrate.R,"Every 'VEGETACIÓN SECUNDARIA ...' class. Kept apart from its original formation because it signals degradation. The 12 USV_PCT_* add up to ≤ 100 (less if the layer does not cover the whole AGEB)."
ageb_integrada,120,USV_PCT_AGRICOLA,"Land use","Share of the AGEB covered by irrigated, rain-fed or moisture agriculture.",decimal,%,2,Both,INEGI_USV7,DESCRIPCIO,"min(100, Σ CLASS_PCT of the group's USYV classes), per the USV_GROUPS table in 14_integrate.R.",AREA_KM2,"C: no USV polygon intersects the AGEB (same as USO_DOM); 0 = no class of the group","Exposure (context)",±,14_integrate.R,"Every 'AGRICULTURA ...' class. The 12 USV_PCT_* add up to ≤ 100 (less if the layer does not cover the whole AGEB)."
ageb_integrada,121,USV_PCT_PASTIZAL_INDUCIDO,"Land use","Share of the AGEB covered by cultivated or induced grassland (livestock use).",decimal,%,2,Both,INEGI_USV7,DESCRIPCIO,"min(100, Σ CLASS_PCT of the group's USYV classes), per the USV_GROUPS table in 14_integrate.R.",AREA_KM2,"C: no USV polygon intersects the AGEB (same as USO_DOM); 0 = no class of the group","Exposure (context)",±,14_integrate.R,"PASTIZAL CULTIVADO, PASTIZAL INDUCIDO. The 12 USV_PCT_* add up to ≤ 100 (less if the layer does not cover the whole AGEB)."
ageb_integrada,122,USV_PCT_BOSQUE,"Land use","Share of the AGEB covered by primary forest (conifer, oak, cloud, gallery, planted).",decimal,%,2,Both,INEGI_USV7,DESCRIPCIO,"min(100, Σ CLASS_PCT of the group's USYV classes), per the USV_GROUPS table in 14_integrate.R.",AREA_KM2,"C: no USV polygon intersects the AGEB (same as USO_DOM); 0 = no class of the group","Exposure (context)",±,14_integrate.R,"'BOSQUE ...' classes, including planted and induced forest. The 12 USV_PCT_* add up to ≤ 100 (less if the layer does not cover the whole AGEB)."
ageb_integrada,123,USV_PCT_SELVA,"Land use","Share of the AGEB covered by primary tropical forest.",decimal,%,2,Both,INEGI_USV7,DESCRIPCIO,"min(100, Σ CLASS_PCT of the group's USYV classes), per the USV_GROUPS table in 14_integrate.R.",AREA_KM2,"C: no USV polygon intersects the AGEB (same as USO_DOM); 0 = no class of the group","Exposure (context)",±,14_integrate.R,"'SELVA ...' classes. The 12 USV_PCT_* add up to ≤ 100 (less if the layer does not cover the whole AGEB)."
ageb_integrada,124,USV_PCT_MATORRAL,"Land use","Share of the AGEB covered by scrubland and xerophytic vegetation.",decimal,%,2,Both,INEGI_USV7,DESCRIPCIO,"min(100, Σ CLASS_PCT of the group's USYV classes), per the USV_GROUPS table in 14_integrate.R.",AREA_KM2,"C: no USV polygon intersects the AGEB (same as USO_DOM); 0 = no class of the group","Exposure (context)",±,14_integrate.R,"MATORRAL ..., MEZQUITAL ..., CHAPARRAL, sandy desert, gypsophilous and halophilous-xerophytic vegetation. The 12 USV_PCT_* add up to ≤ 100 (less if the layer does not cover the whole AGEB)."
ageb_integrada,125,USV_PCT_PASTIZAL,"Land use","Share of the AGEB covered by natural grassland, meadow and savanna.",decimal,%,2,Both,INEGI_USV7,DESCRIPCIO,"min(100, Σ CLASS_PCT of the group's USYV classes), per the USV_GROUPS table in 14_integrate.R.",AREA_KM2,"C: no USV polygon intersects the AGEB (same as USO_DOM); 0 = no class of the group","Exposure (context)",±,14_integrate.R,"PASTIZAL NATURAL, HALÓFILO, GIPSÓFILO; PRADERA DE ALTA MONTAÑA; SABANA, SABANOIDE. The 12 USV_PCT_* add up to ≤ 100 (less if the layer does not cover the whole AGEB)."
ageb_integrada,126,USV_PCT_HIDROFILA,"Land use","Share of the AGEB covered by hydrophytic vegetation (mangrove, reed, popal, gallery, petén).",decimal,%,2,Both,INEGI_USV7,DESCRIPCIO,"min(100, Σ CLASS_PCT of the group's USYV classes), per the USV_GROUPS table in 14_integrate.R.",AREA_KM2,"C: no USV polygon intersects the AGEB (same as USO_DOM); 0 = no class of the group","Exposure (context)",±,14_integrate.R,"MANGLAR, TULAR, POPAL, halophilous-hydrophytic, gallery and petén vegetation. Gallery forest stays in BOSQUE and SELVA. The 12 USV_PCT_* add up to ≤ 100 (less if the layer does not cover the whole AGEB)."
ageb_integrada,127,USV_PCT_SIN_VEG,"Land use","Share of the AGEB covered by areas with no apparent vegetation or devoid of vegetation.",decimal,%,2,Both,INEGI_USV7,DESCRIPCIO,"min(100, Σ CLASS_PCT of the group's USYV classes), per the USV_GROUPS table in 14_integrate.R.",AREA_KM2,"C: no USV polygon intersects the AGEB (same as USO_DOM); 0 = no class of the group","Exposure (context)",±,14_integrate.R,"SIN VEGETACIÓN APARENTE, DESPROVISTO DE VEGETACIÓN. The 12 USV_PCT_* add up to ≤ 100 (less if the layer does not cover the whole AGEB)."
ageb_integrada,128,USV_PCT_OTRA,"Land use","Share of the AGEB covered by other formations (coastal dunes, palm groves).",decimal,%,2,Both,INEGI_USV7,DESCRIPCIO,"min(100, Σ CLASS_PCT of the group's USYV classes), per the USV_GROUPS table in 14_integrate.R.",AREA_KM2,"C: no USV polygon intersects the AGEB (same as USO_DOM); 0 = no class of the group","Exposure (context)",±,14_integrate.R,"VEGETACIÓN DE DUNAS COSTERAS, PALMAR NATURAL, PALMAR INDUCIDO. The 12 USV_PCT_* add up to ≤ 100 (less if the layer does not cover the whole AGEB)."
ageb_geom,1,ID_AGEB,Identification,"Unique AGEB key (join key to ageb_indicadores).",text,code,,Both,MG2020,CVEGEO,"Same as in ageb_indicadores.",,Never,Identification,n/a,12_export.R,"GeoPackage, layer 'ageb', EPSG:4326."
ageb_geom,2,AMBITO,Identification,"Setting of the AGEB.",categorical,,,Both,MG2020,,"Copy from ageb_indicadores.",,Never,Identification,n/a,12_export.R,
ageb_geom,3,CVE_ENT,Identification,"State code.",text,code,,Both,MG2020,,"Copy from ageb_indicadores.",,Never,Identification,n/a,12_export.R,
ageb_geom,4,CVE_MUN,Identification,"Municipality code.",text,code,,Both,MG2020,,"Copy from ageb_indicadores.",,Never,Identification,n/a,12_export.R,
ageb_geom,5,NOM_MUN,Identification,"Municipality name.",text,,,Both,MG2020,,"Copy from ageb_indicadores.",,Never,Identification,n/a,12_export.R,
ageb_geom,6,NOM_LOC,Identification,"Locality name.",text,,,Both,MG2020 / CPV2020_ITER,,"Copy from ageb_indicadores.",,E,Identification,n/a,12_export.R,
ageb_geom,7,AREA_KM2,Geometry,"Area of the AGEB.",decimal,km²,6,Both,MG2020,,"Copy from ageb_indicadores.",,Never,Context,n/a,12_export.R,
ageb_geom,8,POB_TOTAL,Base population,"Total population.",decimal (count),persons,,Both,CPV2020_AGEB / CPV2020_ITER,,"Copy from ageb_indicadores.",,Never,Base population,n/a,12_export.R,
ageb_geom,9,GRS_GRADO,CONEVAL validation,"Social Lag Grade.",ordinal categorical,,,Urban only,CONEVAL_GRS2020,,"Copy from ageb_indicadores.",,E; S,External validation,+,12_export.R,
ageb_geom,10,geom,Geometry,"Polygon or multipolygon of the AGEB.",geometry,EPSG:4326,,Both,MG2020,geometry,"MG geometry after st_make_valid(), reprojected to EPSG:4326.",,Never,Identification,n/a,12_export.R,"To compute areas or distances, reproject to EPSG:6372."
denue_establishments,1,ID_AGEB,Identification,"AGEB to which the establishment was assigned.",text,code,,Both,DENUE,cve_ent + cve_mun + cve_loc + ageb,"The urban key is tried first; if it does not exist in the MG, the rural one (CVE_LOC = '0000').",,Never,Identification,n/a,07_denue.R,"May not exist in the MG (logged)."
denue_establishments,2,NOM_ESTAB,DENUE,"Name of the establishment.",text,,,Both,DENUE,nom_estab,,,As in DENUE,Context,n/a,07_denue.R,
denue_establishments,3,SCIAN,DENUE,"6-digit SCIAN activity code.",text,code,,Both,DENUE,codigo_act,,,Never,Context,n/a,07_denue.R,
denue_establishments,4,SECTOR,DENUE,"SCIAN sector (first 2 digits).",text,code,,Both,PIPELINE,codigo_act,"substr(codigo_act, 1, 2).",,Never,Context,n/a,07_denue.R,
denue_establishments,5,PER_OCU_STRATUM,DENUE,"Employment size band.",categorical,,,Both,DENUE,per_ocu,"Text as published (e.g. '0 a 5 personas').",,As in DENUE,Context,n/a,07_denue.R,"It is a range, not a number: never sum it."
denue_establishments,6,LON,DENUE,"Longitude of the establishment.",decimal,decimal degrees (EPSG:4326),,Both,DENUE,longitud,"Set to empty if it falls outside the state's bounding box (+0.05°).",,C: coordinate missing or outside the state,Context,n/a,07_denue.R,"The establishment is still counted: assignment uses the key, not the coordinate."
denue_establishments,7,LAT,DENUE,"Latitude of the establishment.",decimal,decimal degrees (EPSG:4326),,Both,DENUE,latitud,"Same as LON.",,C,Context,n/a,07_denue.R,
denue_ageb_sector,1,ID_AGEB,Identification,"AGEB key.",text,code,,Both,DENUE,,,,Never,Identification,n/a,07_denue.R,"Long format: one row per AGEB × sector with at least one establishment."
denue_ageb_sector,2,SECTOR,DENUE,"SCIAN sector (2 digits).",text,code,,Both,DENUE,codigo_act,,,Never,Context,n/a,07_denue.R,
denue_ageb_sector,3,N_UNITS,DENUE,"Economic units of the sector in the AGEB.",integer,establishments,,Both,PIPELINE,,"Count.",,Never,Context,n/a,07_denue.R,
ageb_landuse_detail,1,ID_AGEB,Identification,"AGEB key.",text,code,,Both,MG2020,,,,Never,Identification,n/a,09_landuse.R,"Long format: one row per AGEB × land use class present."
ageb_landuse_detail,2,USO_CLASE,Land use,"Land use and vegetation class.",categorical,,,Both,INEGI_USV7,DESCRIPCIO,,,Never,Context,n/a,09_landuse.R,
ageb_landuse_detail,3,CLASS_AREA_KM2,Land use,"Area of the class inside the AGEB.",decimal,km²,,Both,PIPELINE,,"Area (EPSG:6372) of the intersection AGEB ∩ USV, dissolved by AGEB and class.",,Never,Context,n/a,09_landuse.R,"Dissolving before measuring avoids double counting overlapping polygons (D-28)."
ageb_landuse_detail,4,AREA_KM2,Geometry,"Total area of the AGEB.",decimal,km²,,Both,MG2020,,"Copy from ageb_indicadores.",,Never,Context,n/a,09_landuse.R,
ageb_landuse_detail,5,CLASS_PCT,Land use,"Share of the AGEB covered by the class.",decimal,%,,Both,PIPELINE,,"min(100, 100 × CLASS_AREA_KM2 / AREA_KM2).",AREA_KM2,Never,Context,n/a,09_landuse.R,"The classes of an AGEB can add up to less than 100 if the USV layer does not cover it completely."
quality_control_report,1,CVE_ENT,Quality control,"State code.",text,code,,,PIPELINE,,,,Never,Metadata,n/a,11_qc.R,"One row per check (29 per state). The _MX version concatenates them all."
quality_control_report,2,CHECK,Quality control,"Name of the check.",text,,,,PIPELINE,,,,Never,Metadata,n/a,11_qc.R,"Described in docs/DECISIONES.md, Quality checks section."
quality_control_report,3,STATUS,Quality control,"Result of the check.",categorical,,,,PIPELINE,,"PASS or FAIL.",,Never,Metadata,n/a,11_qc.R,
quality_control_report,4,DETAIL,Quality control,"Numerical evidence for the result.",text,,,,PIPELINE,,,,Never,Metadata,n/a,11_qc.R,
qc_municipal_coverage,1,CVE_MUN_FULL,Quality control,"Full municipal key (state + municipality).",text,code,,,MG2020,,,,Never,Identification,n/a,11_qc.R,"One row per municipality."
qc_municipal_coverage,2,AGEB_AREA,Quality control,"Sum of the area of the municipality's AGEB.",decimal,km²,,,PIPELINE,,"Σ AREA_KM2.",,Never,Metadata,n/a,11_qc.R,
qc_municipal_coverage,3,N_AGEB,Quality control,"Number of AGEB in the municipality.",integer,AGEB,,,PIPELINE,,,,Never,Metadata,n/a,11_qc.R,
qc_municipal_coverage,4,NOM_MUN,Quality control,"Municipality name.",text,,,,MG2020,NOMGEO,,,Never,Identification,n/a,11_qc.R,
qc_municipal_coverage,5,MUN_AREA_KM2,Quality control,"Area of the municipal polygon from the same Marco Geoestadístico.",decimal,km²,,,MG2020,geometry,"Area in EPSG:6372.",,Never,Metadata,n/a,11_qc.R,
qc_municipal_coverage,6,DIFF_KM2,Quality control,"Area difference AGEB − municipality.",decimal,km²,,,PIPELINE,,"AGEB_AREA − MUN_AREA_KM2.",,Never,Metadata,n/a,11_qc.R,
qc_municipal_coverage,7,DIFF_PCT,Quality control,"Relative area difference.",decimal,%,,,PIPELINE,,"100 × DIFF_KM2 / MUN_AREA_KM2.",,Never,Metadata,n/a,11_qc.R,
qc_municipal_coverage,8,KIND,Quality control,"Type of discrepancy, only if it exceeds both tolerances.",categorical,,,,PIPELINE,,"'gap' (real gap) or 'attribution' (strip offset by another municipality).",,Empty = within tolerance,Metadata,n/a,11_qc.R,"See D-08."
