TABLA,ORDEN,VARIABLE,BLOQUE,DESCRIPCION,TIPO,UNIDAD,DECIMALES,AMBITO,FUENTE,VARIABLE_FUENTE,DERIVACION,UNIVERSO,NA_SIGNIFICA,DIMENSION_IVC,SENTIDO_SUGERIDO,SCRIPT,NOTAS
ageb_indicadores,1,ID_AGEB,Identificación,"Clave única de la AGEB: entidad (2) + municipio (3) + localidad (4) + AGEB (4).",texto,clave,,Ambos,MG2020,CVEGEO,"Urbana: CVEGEO de 13 caracteres. Rural: CVE_ENT + CVE_MUN + '0000' + CVE_AGEB.",,Nunca,Identificación,n/a,03_boundaries.R,"Leer siempre como texto: tiene ceros a la izquierda y CVE_AGEB es alfanumérica. Ver D-03."
ageb_indicadores,2,AMBITO,Identificación,"Ámbito de la AGEB según la capa del Marco Geoestadístico de la que proviene.",categórica,,,Ambos,MG2020,capa {ENT}a / {ENT}ar,"'Urbana' si viene de {ENT}a.shp; 'Rural' si viene de {ENT}ar.shp.",,Nunca,Identificación,n/a,03_boundaries.R,"Valores: Urbana, Rural. Las fuentes de población difieren por ámbito (D-11)."
ageb_indicadores,3,CVE_ENT,Identificación,"Clave de entidad federativa.",texto,clave,,Ambos,MG2020,CVE_ENT,,,Nunca,Identificación,n/a,03_boundaries.R,"01 a 32."
ageb_indicadores,4,NOM_ENT,Identificación,"Nombre de la entidad federativa.",texto,,,Ambos,PIPELINE,ENTITY_NAMES,"Catálogo fijo en 00_config.R.",,Nunca,Identificación,n/a,00_config.R,"Sin acentos (p. ej. 'Ciudad de Mexico', 'Nuevo Leon')."
ageb_indicadores,5,CVE_MUN,Identificación,"Clave de municipio o demarcación territorial (3 dígitos, única solo dentro de la entidad).",texto,clave,,Ambos,MG2020,CVE_MUN,,,Nunca,Identificación,n/a,03_boundaries.R,"La clave municipal completa es CVE_ENT + CVE_MUN."
ageb_indicadores,6,NOM_MUN,Identificación,"Nombre del municipio.",texto,,,Ambos,MG2020,NOMGEO (capa {ENT}mun),,,Nunca,Identificación,n/a,03_boundaries.R,
ageb_indicadores,7,CVE_LOC,Identificación,"Clave de localidad (4 dígitos). En AGEB rurales es '0000' por convención.",texto,clave,,Ambos,MG2020,CVE_LOC,"Rural: '0000' (la AGEB rural no pertenece a una sola localidad).",,Nunca,Identificación,n/a,03_boundaries.R,"Ver D-03."
ageb_indicadores,8,NOM_LOC,Identificación,"Nombre de la localidad.",texto,,,Ambos,MG2020 / CPV2020_ITER,NOMGEO (capa {ENT}l) / NOM_LOC (ITER),"Urbana: nombre de la localidad en el MG. Rural: nombre del ITER si la AGEB tiene una sola localidad; '(varias localidades)' si tiene más.",,E: AGEB rural deshabitada (sin localidades),Identificación,n/a,04_census_urban.R; 05_census_rural.R,"El NOM_LOC del censo urbano no sirve: siempre dice 'Total AGEB urbana' (D-06)."
ageb_indicadores,9,CVE_AGEB,Identificación,"Clave de AGEB (4 caracteres alfanuméricos).",texto,clave,,Ambos,MG2020,CVE_AGEB,,,Nunca,Identificación,n/a,03_boundaries.R,
ageb_indicadores,10,AREA_KM2,Geometría,"Superficie de la AGEB.",decimal,km²,6,Ambos,MG2020,geometría,"Área del polígono en EPSG:6372 (LCC ITRF2008) tras st_make_valid().",,Nunca,Contexto,n/a,03_boundaries.R,"Mínimo nacional 0.0003 km²; las AGEB rurales pueden superar 6,000 km²."
ageb_indicadores,11,CENTROIDE_LON,Geometría,"Longitud de un punto representativo dentro de la AGEB.",decimal,grados decimales (EPSG:4326),6,Ambos,MG2020,geometría,"st_point_on_surface() en EPSG:6372, transformado a EPSG:4326.",,Nunca,Identificación,n/a,03_boundaries.R,"No es el centroide geométrico: se garantiza que cae dentro del polígono (D-07)."
ageb_indicadores,12,CENTROIDE_LAT,Geometría,"Latitud de un punto representativo dentro de la AGEB.",decimal,grados decimales (EPSG:4326),6,Ambos,MG2020,geometría,"Igual que CENTROIDE_LON.",,Nunca,Identificación,n/a,03_boundaries.R,
ageb_indicadores,13,POB_TOTAL,Población base,"Población total residente habitual.",decimal (conteo),personas,,Ambos,CPV2020_AGEB / CPV2020_ITER,POBTOT,"Urbana: fila total de AGEB. Rural: suma de POBTOT de las localidades del ITER que caen en la AGEB.",,Nunca (0 en AGEB rural deshabitada),Población base,n/a,04_census_urban.R; 05_census_rural.R; 10_build.R,"Nunca suprimido por el INEGI. La suma nacional cuadra exacta con el Censo: 126,014,024 (D-12)."
ageb_indicadores,14,POB_REPORTADA,Confiabilidad,"Población cuyas características sí publica el censo.",decimal (conteo),personas,,Ambos,PIPELINE,POBTOT,"Urbana: POB_TOTAL, o 0 si la fila de la AGEB está suprimida entera. Rural: suma de POBTOT de las localidades que publican todas las características.",,Nunca,Confiabilidad,n/a,04_census_urban.R; 05_census_rural.R,"Ver D-14."
ageb_indicadores,15,PCT_POB_REPORTADA,Confiabilidad,"Porcentaje de la población de la AGEB cuyas características publica el censo.",decimal,%,2,Ambos,PIPELINE,,"100 × POB_REPORTADA / POB_TOTAL.",POB_TOTAL,D0: POB_TOTAL = 0,Confiabilidad,n/a,10_build.R,"Úsalo como peso o filtro de confiabilidad de los porcentajes, sobre todo en lo rural."
ageb_indicadores,16,N_CELDAS_IMPUTADAS,Confiabilidad,"Número de celdas censales de la AGEB imputadas como 1.5 porque venían suprimidas ('*').",entero,celdas,,Ambos,PIPELINE,,"Cuenta de celdas '*' entre los 52 conteos de CENSUS_VARS, solo en filas urbanas no suprimidas enteras.",,Nunca,Confiabilidad,n/a,04_census_urban.R,"Siempre 0 en AGEB rurales (el ITER sí publica 1 y 2). Nacional: 253,460 celdas en 55,573 AGEB urbanas (D-15)."
ageb_indicadores,17,POB_HOMBRES,Población base,"Población masculina.",decimal (conteo),personas,,Ambos,CPV2020_AGEB / CPV2020_ITER,POBMAS,"Urbana: valor directo. Rural: suma sobre localidades que publican el grupo SEXO.",,S,Población base,n/a,04_census_urban.R; 05_census_rural.R,"Puede valer 1.5 en AGEB urbanas (imputación)."
ageb_indicadores,18,POB_MUJERES,Población base,"Población femenina.",decimal (conteo),personas,,Ambos,CPV2020_AGEB / CPV2020_ITER,POBFEM,"Igual que POB_HOMBRES.",,S,Población base,n/a,04_census_urban.R; 05_census_rural.R,
ageb_indicadores,19,PCT_HOMBRES,Población base,"Porcentaje de hombres.",decimal,%,2,Ambos,PIPELINE,POBMAS,"100 × POB_HOMBRES / POB_DEN_SEXO.",Población de las localidades que publican el grupo SEXO (= POB_TOTAL en urbana),S; D0,Población base,n/a,10_build.R,
ageb_indicadores,20,PCT_MUJERES,Población base,"Porcentaje de mujeres.",decimal,%,2,Ambos,PIPELINE,POBFEM,"100 × POB_MUJERES / POB_DEN_SEXO.",Igual que PCT_HOMBRES,S; D0,Población base,n/a,10_build.R,
ageb_indicadores,21,DENS_POB_KM2,Población base,"Densidad de población.",decimal,personas/km²,2,Ambos,PIPELINE,,"POB_TOTAL / AREA_KM2.",AREA_KM2,Nunca,Exposición (contexto),±,10_build.R,"En AGEB rurales divide entre todo el territorio, no entre el área habitada."
ageb_indicadores,22,POB_POR_VIV,Población base,"Personas por vivienda particular habitada.",decimal,personas/vivienda,2,Ambos,PIPELINE,,"POB_DEN_VIV / VIV_PART_HAB.",VIV_PART_HAB,S; D0,Sensibilidad,+,10_build.R,"Usa población total, no ocupantes. En AGEB diminutas con viviendas imputadas da valores extremos (52 AGEB > 10; máx. 679): filtrar por tamaño."
ageb_indicadores,23,VIV_PART_HAB,Vivienda,"Total de viviendas particulares habitadas.",decimal (conteo),viviendas,,Ambos,CPV2020_AGEB / CPV2020_ITER,TVIVPARHAB,"Urbana: directo. Rural: suma sobre localidades que publican el grupo VIV.",,S,Población base,n/a,04_census_urban.R; 05_census_rural.R,"Incluye viviendas sin información de ocupantes, por eso NO es el denominador de los porcentajes de vivienda (D-18). En 781 AGEB urbanas con población 0 vale 1.5 por imputación; no afecta ningún porcentaje."
ageb_indicadores,24,VIV_CARACT,Vivienda,"Viviendas particulares habitadas con características captadas (estimación). Denominador de todos los porcentajes de vivienda.",decimal,viviendas,,Ambos,PIPELINE,VPH_*,"min(VIV_PART_HAB, max(VPH_C_ELEC+VPH_S_ELEC, VPH_DRENAJ+VPH_NODREN, VPH_EXCSA+VPH_LETR, y cada conteo VPH_* individual)).",,S,Población base,n/a,10_build.R,"El censo no publica este universo (CONEVAL sí lo usa). Es la mayor de sus cotas inferiores, acotada por TVIVPARHAB. Ver D-18."
ageb_indicadores,25,VIV_DRENAJE,Vivienda,"Viviendas que disponen de drenaje (red pública, fosa séptica, barranca, río, lago o mar).",decimal (conteo),viviendas,,Ambos,CPV2020_AGEB / CPV2020_ITER,VPH_DRENAJ,"Directo (urbana) o suma (rural, grupo VIV).",,S,Conteo para reagregar,n/a,04_census_urban.R; 05_census_rural.R,
ageb_indicadores,26,VIV_ELECTRICIDAD,Vivienda,"Viviendas que disponen de energía eléctrica.",decimal (conteo),viviendas,,Ambos,CPV2020_AGEB / CPV2020_ITER,VPH_C_ELEC,"Directo (urbana) o suma (rural, grupo VIV).",,S,Conteo para reagregar,n/a,04_census_urban.R; 05_census_rural.R,
ageb_indicadores,27,PCT_DRENAJE,Vivienda,"Porcentaje de viviendas con drenaje.",decimal,%,2,Ambos,PIPELINE,VPH_DRENAJ,"100 × VIV_DRENAJE / VIV_CARACT.",VIV_CARACT,S; D0,Capacidad adaptativa,−,10_build.R,"Cambió de denominador (antes TVIVPARHAB). Para la carencia usa PCT_VIV_SIN_DRENAJE, que no es 100 − este valor (D-19)."
ageb_indicadores,28,PCT_ELECTRIC,Vivienda,"Porcentaje de viviendas con electricidad.",decimal,%,2,Ambos,PIPELINE,VPH_C_ELEC,"100 × VIV_ELECTRICIDAD / VIV_CARACT.",VIV_CARACT,S; D0,Capacidad adaptativa,−,10_build.R,"Igual que PCT_DRENAJE; para la carencia usa PCT_VIV_SIN_ELECTRIC."
ageb_indicadores,29,PCT_POB_0A5,Sensibilidad,"Porcentaje de población de 0 a 5 años.",decimal,%,2,Ambos,PIPELINE,P_0A2 + P_3A5,"100 × (POB_0A2 + POB_3A5) / POB_DEN_PERS.",Población de las localidades que publican el grupo PERS,S; D0,Sensibilidad,+,10_build.R,"Calor, enfermedades hídricas y dependencia en evacuación."
ageb_indicadores,30,PCT_POB_65YMAS,Sensibilidad,"Porcentaje de población de 65 años y más.",decimal,%,2,Ambos,PIPELINE,POB65_MAS,"100 × POB_65YMAS / POB_DEN_PERS.",Igual que PCT_POB_0A5,S; D0,Sensibilidad,+,10_build.R,"Mortalidad por calor, movilidad reducida."
ageb_indicadores,31,PCT_POB_DISC,Sensibilidad,"Porcentaje de población con discapacidad.",decimal,%,2,Ambos,PIPELINE,PCON_DISC,"100 × POB_DISC / POB_DEN_PERS.",Igual que PCT_POB_0A5,S; D0,Sensibilidad,+,10_build.R,"Discapacidad = mucha dificultad o imposibilidad para ver, oír, caminar, recordar, autocuidado o comunicarse."
ageb_indicadores,32,PCT_POB_HLI,Sensibilidad,"Porcentaje de población de 3 años y más que habla lengua indígena.",decimal,%,2,Ambos,PIPELINE,P3YM_HLI,"100 × POB_HLI / POB_3YMAS.",Población de 3 años y más,S; D0,Sensibilidad,+,10_build.R,"Proxy de marginación estructural. Para barrera de idioma ante alertas es mejor PCT_POB_HLI_NHE."
ageb_indicadores,33,PCT_POB_HLI_NHE,Sensibilidad,"Porcentaje de población de 3 años y más que habla lengua indígena y no habla español.",decimal,%,2,Ambos,PIPELINE,P3HLINHE,"100 × POB_HLI_NHE / POB_3YMAS.",Población de 3 años y más,S; D0,Sensibilidad,+,10_build.R,"Barrera directa para recibir alertas y avisos oficiales. Mediana nacional 0 %: muy concentrado."
ageb_indicadores,34,PCT_HOG_JEFA,Sensibilidad,"Porcentaje de hogares censales con persona de referencia mujer.",decimal,%,2,Ambos,PIPELINE,HOGJEF_F,"100 × HOGARES_JEFA / HOGARES.",Hogares censales,S; D0,Sensibilidad,+,10_build.R,"Uso común en la literatura de vulnerabilidad social, pero su sentido es debatible; decidir al construir el índice."
ageb_indicadores,35,PCT_POB_SIN_SALUD,Rezago social,"Porcentaje de población sin afiliación a servicios de salud.",decimal,%,2,Ambos,PIPELINE,PSINDER,"100 × POB_SIN_SALUD / POB_DEN_PERS.",Igual que PCT_POB_0A5,S; D0,Capacidad adaptativa,+,10_build.R,"Equivalente de RZ_SSALUD."
ageb_indicadores,36,PCT_ANALF,Rezago social,"Porcentaje de población de 15 años y más analfabeta.",decimal,%,2,Ambos,PIPELINE,P15YM_AN,"100 × POB_15YMAS_ANALF / POB_15YMAS.",Población de 15 años y más,S; D0,Capacidad adaptativa,+,10_build.R,"Equivalente de RZ_ANALF."
ageb_indicadores,37,PCT_EDU_BAS_INC,Rezago social,"Porcentaje de población de 15 años y más con educación básica incompleta.",decimal,%,2,Ambos,PIPELINE,P15YM_SE + P15PRI_IN + P15PRI_CO + P15SEC_IN,"min(100, 100 × (sin escolaridad + primaria incompleta + primaria completa + secundaria incompleta) / POB_15YMAS).",Población de 15 años y más,S; D0,Capacidad adaptativa,+,10_build.R,"Equivalente de RZ_EBINC. Acotado a 100 porque suma cuatro celdas posiblemente imputadas (D-20)."
ageb_indicadores,38,PCT_NOASIS_6A14,Rezago social,"Porcentaje de población de 6 a 14 años que no asiste a la escuela.",decimal,%,2,Ambos,PIPELINE,P6A11_NOA + P12A14NOA,"100 × (POB_6A11_NOASIS + POB_12A14_NOASIS) / (POB_6A11 + POB_12A14).",Población de 6 a 14 años,S; D0,Capacidad adaptativa,+,10_build.R,"Equivalente de RZ_INA614."
ageb_indicadores,39,PCT_NOASIS_15A24,Rezago social,"Porcentaje de población de 15 a 24 años que no asiste a la escuela.",decimal,%,2,Ambos,PIPELINE,P_15A17 + P_18A24 − P15A17A − P18A24A,"max(0, 100 × (POB_15A17 + POB_18A24 − POB_15A17_ASIS − POB_18A24_ASIS) / (POB_15A17 + POB_18A24)).",Población de 15 a 24 años,S; D0,Capacidad adaptativa,±,10_build.R,"Equivalente de RZ_INA1524. Es una resta: incluye a quienes no especificaron asistencia. Mediana nacional 56 %: poco discriminante para vulnerabilidad."
ageb_indicadores,40,PCT_PEA,Empleo,"Tasa de participación económica: porcentaje de la población de 12 años y más con condición de actividad especificada que es económicamente activa.",decimal,%,2,Ambos,PIPELINE,PEA / (PEA + PE_INAC),"100 × POB_PEA / (POB_PEA + POB_INAC).",Población de 12 años y más con condición de actividad especificada (PEA + PE_INAC),S; D0,Capacidad adaptativa,−,10_build.R,"No divide entre P_12YMAS: el no especificado es 0.2–0.5 % por entidad pero llega a 27 % en algunas AGEB. Sumado desde las AGEB de Oaxaca da 57.03 %, igual que el total estatal del ITER. El censo no capta ingreso; esta es la señal económica más cercana."
ageb_indicadores,41,PCT_PEA_F,Empleo,"Tasa de participación económica femenina: porcentaje de mujeres de 12 años y más con condición de actividad especificada que son económicamente activas.",decimal,%,2,Ambos,PIPELINE,PEA_F / (PEA_F + PE_INAC_F),"100 × POB_PEA_F / (POB_PEA_F + POB_INAC_F).",Mujeres de 12 años y más con condición de actividad especificada,S; D0,Capacidad adaptativa,−,10_build.R,"Discrimina más que PCT_PEA entre AGEB (Oaxaca: 34 % rural contra 48 % urbana). Correlaciona con PCT_HOG_JEFA y con rezago educativo; revisar colinealidad al construir el índice."
ageb_indicadores,42,PCT_DESOCUP,Empleo,"Tasa de desocupación: porcentaje de la población económicamente activa que no tiene trabajo y lo buscó.",decimal,%,2,Ambos,PIPELINE,PDESOCUP / PEA,"100 × POB_DESOCUP / POB_PEA.",Población económicamente activa (PEA = POCUPADA + PDESOCUP),S; D0,Capacidad adaptativa,+,10_build.R,"Poco discriminante: el trabajo informal cuenta como ocupación y la tasa censal es baja (1.7–2.3 % por entidad). En AGEB urbanas el conteo es con frecuencia 1–2 y se imputa como 1.5 (D-15), así que en AGEB chicas es ruido."
ageb_indicadores,43,PCT_VIV_SIN_DRENAJE,Vivienda,"Porcentaje de viviendas que no disponen de drenaje.",decimal,%,2,Ambos,PIPELINE,VPH_NODREN,"100 × VIV_SIN_DRENAJE / VIV_CARACT.",VIV_CARACT,S; D0,Capacidad adaptativa,+,10_build.R,"Equivalente de RZ_SDREN. Conteo directo, no 100 − PCT_DRENAJE (D-19)."
ageb_indicadores,44,PCT_VIV_SIN_ELECTRIC,Vivienda,"Porcentaje de viviendas que no disponen de energía eléctrica.",decimal,%,2,Ambos,PIPELINE,VPH_S_ELEC,"100 × VIV_SIN_ELECTRICIDAD / VIV_CARACT.",VIV_CARACT,S; D0,Capacidad adaptativa,+,10_build.R,"Equivalente de RZ_SELEC."
ageb_indicadores,45,PCT_VIV_SIN_AGUA,Vivienda,"Porcentaje de viviendas sin agua entubada en el ámbito de la vivienda.",decimal,%,2,Ambos,PIPELINE,VPH_AGUAFV,"100 × VIV_SIN_AGUA / VIV_CARACT.",VIV_CARACT,S; D0,Capacidad adaptativa,+,10_build.R,"Equivalente de RZ_SAGUA. Estrés hídrico y sequía."
ageb_indicadores,46,PCT_VIV_PISO_TIERRA,Vivienda,"Porcentaje de viviendas con piso de tierra.",decimal,%,2,Ambos,PIPELINE,VPH_PISOTI,"100 × VIV_PISO_TIERRA / VIV_CARACT.",VIV_CARACT,S; D0,Capacidad adaptativa,+,10_build.R,"Equivalente de RZ_PISOT. Proxy de precariedad de la vivienda ante inundación."
ageb_indicadores,47,PCT_VIV_1CUARTO,Vivienda,"Porcentaje de viviendas con un solo cuarto.",decimal,%,2,Ambos,PIPELINE,VPH_1CUART,"100 × VIV_1CUARTO / VIV_CARACT.",VIV_CARACT,S; D0,Capacidad adaptativa,+,10_build.R,"Hacinamiento y calor interior."
ageb_indicadores,48,PCT_VIV_SIN_SANITARIO,Vivienda,"Porcentaje de viviendas sin excusado, sanitario ni letrina.",decimal,%,2,Ambos,PIPELINE,VPH_EXCSA + VPH_LETR,"max(0, 100 − 100 × (VIV_EXCUSADO + VIV_LETRINA) / VIV_CARACT).",VIV_CARACT,S; D0,Capacidad adaptativa,+,10_build.R,"Equivalente de RZ_SEXCUS. Único complemento: no existe conteo directo. Como CONEVAL, la letrina cuenta como sanitario (D-19)."
ageb_indicadores,49,PCT_VIV_TINACO,Agua y almacenamiento,"Porcentaje de viviendas con tinaco.",decimal,%,2,Ambos,PIPELINE,VPH_TINACO,"100 × VIV_TINACO / VIV_CARACT.",VIV_CARACT,S; D0,Capacidad adaptativa,−,10_build.R,"Almacenamiento de agua ante cortes y sequía."
ageb_indicadores,50,PCT_VIV_CISTERNA,Agua y almacenamiento,"Porcentaje de viviendas con cisterna o aljibe.",decimal,%,2,Ambos,PIPELINE,VPH_CISTER,"100 × VIV_CISTERNA / VIV_CARACT.",VIV_CARACT,S; D0,Capacidad adaptativa,−,10_build.R,
ageb_indicadores,51,PCT_VIV_REFRI,Bienes y movilidad,"Porcentaje de viviendas con refrigerador.",decimal,%,2,Ambos,PIPELINE,VPH_REFRI,"100 × VIV_REFRI / VIV_CARACT.",VIV_CARACT,S; D0,Capacidad adaptativa,−,10_build.R,"RZ_SREFRI = 100 − este valor (CONEVAL publica la carencia)."
ageb_indicadores,52,PCT_VIV_LAVADORA,Bienes y movilidad,"Porcentaje de viviendas con lavadora.",decimal,%,2,Ambos,PIPELINE,VPH_LAVAD,"100 × VIV_LAVADORA / VIV_CARACT.",VIV_CARACT,S; D0,Capacidad adaptativa,−,10_build.R,"RZ_SLAVAD = 100 − este valor."
ageb_indicadores,53,PCT_VIV_AUTO,Bienes y movilidad,"Porcentaje de viviendas con automóvil o camioneta.",decimal,%,2,Ambos,PIPELINE,VPH_AUTOM,"100 × VIV_AUTO / VIV_CARACT.",VIV_CARACT,S; D0,Capacidad adaptativa,−,10_build.R,"Capacidad de evacuación."
ageb_indicadores,54,PCT_VIV_RADIO,Comunicación y alertas,"Porcentaje de viviendas con radio.",decimal,%,2,Ambos,PIPELINE,VPH_RADIO,"100 × VIV_RADIO / VIV_CARACT.",VIV_CARACT,S; D0,Capacidad adaptativa,−,10_build.R,"Canal de alerta temprana que no depende de la red eléctrica o de datos."
ageb_indicadores,55,PCT_VIV_TELEFONO,Comunicación y alertas,"Porcentaje de viviendas con línea telefónica fija.",decimal,%,2,Ambos,PIPELINE,VPH_TELEF,"100 × VIV_TELEFONO / VIV_CARACT.",VIV_CARACT,S; D0,Capacidad adaptativa,−,10_build.R,"RZ_STELF = 100 − este valor."
ageb_indicadores,56,PCT_VIV_CELULAR,Comunicación y alertas,"Porcentaje de viviendas con teléfono celular.",decimal,%,2,Ambos,PIPELINE,VPH_CEL,"100 × VIV_CELULAR / VIV_CARACT.",VIV_CARACT,S; D0,Capacidad adaptativa,−,10_build.R,"RZ_SCEL = 100 − este valor."
ageb_indicadores,57,PCT_VIV_INTERNET,Comunicación y alertas,"Porcentaje de viviendas con internet.",decimal,%,2,Ambos,PIPELINE,VPH_INTER,"100 × VIV_INTERNET / VIV_CARACT.",VIV_CARACT,S; D0,Capacidad adaptativa,−,10_build.R,"RZ_SINTER = 100 − este valor."
ageb_indicadores,58,PCT_VIV_COMPU,Comunicación y alertas,"Porcentaje de viviendas con computadora, laptop o tablet.",decimal,%,2,Ambos,PIPELINE,VPH_PC,"100 × VIV_COMPU / VIV_CARACT.",VIV_CARACT,S; D0,Capacidad adaptativa,−,10_build.R,"RZ_SCOMPU = 100 − este valor."
ageb_indicadores,59,PCT_VIV_SIN_RADIO_TV,Comunicación y alertas,"Porcentaje de viviendas sin radio ni televisor.",decimal,%,2,Ambos,PIPELINE,VPH_SINRTV,"100 × VIV_SIN_RADIO_TV / VIV_CARACT.",VIV_CARACT,S; D0,Capacidad adaptativa,+,10_build.R,
ageb_indicadores,60,PCT_VIV_SIN_TEL_CEL,Comunicación y alertas,"Porcentaje de viviendas sin teléfono fijo ni celular.",decimal,%,2,Ambos,PIPELINE,VPH_SINLTC,"100 × VIV_SIN_TEL_CEL / VIV_CARACT.",VIV_CARACT,S; D0,Capacidad adaptativa,+,10_build.R,
ageb_indicadores,61,PCT_VIV_SIN_TIC,Comunicación y alertas,"Porcentaje de viviendas sin ninguna tecnología de información y comunicación.",decimal,%,2,Ambos,PIPELINE,VPH_SINTIC,"100 × VIV_SIN_TIC / VIV_CARACT.",VIV_CARACT,S; D0,Capacidad adaptativa,+,10_build.R,"Sin radio, TV, computadora, teléfono fijo, celular, internet, TV de paga, streaming ni consola. Muy correlacionado con PCT_VIV_SIN_BIENES."
ageb_indicadores,62,PCT_VIV_SIN_BIENES,Bienes y movilidad,"Porcentaje de viviendas sin ningún bien.",decimal,%,2,Ambos,PIPELINE,VPH_SNBIEN,"100 × VIV_SIN_BIENES / VIV_CARACT.",VIV_CARACT,S; D0,Capacidad adaptativa,+,10_build.R,"Sin refrigerador, lavadora, microondas, vehículo, bicicleta ni ninguna TIC."
ageb_indicadores,63,GRAPROES,Rezago social,"Grado promedio de escolaridad de la población de 15 años y más.",decimal,años aprobados,2,Ambos,CPV2020_AGEB / CPV2020_ITER,GRAPROES,"ESC_ANIOS_TOT / POB_15YMAS, donde ESC_ANIOS_TOT = Σ GRAPROES × P_15YMAS de cada localidad (rural) o de la AGEB (urbana).",Población de 15 años y más,S; D0,Capacidad adaptativa,−,04_census_urban.R; 10_build.R,"Los promedios no se suman: se convierten a totales y se vuelven a dividir (D-17). El INEGI excluye a quien no especificó grados; aquí el denominador los incluye, diferencia menor."
ageb_indicadores,64,PRO_OCUP_C,Rezago social,"Promedio de ocupantes por cuarto en viviendas particulares habitadas.",decimal,ocupantes/cuarto,2,Ambos,CPV2020_AGEB / CPV2020_ITER,PRO_OCUP_C,"OCUP_CON_CUARTOS / CUARTOS_TOT, con CUARTOS_TOT = Σ OCUPVIVPAR / PRO_OCUP_C (solo donde PRO_OCUP_C > 0).",Cuartos de viviendas particulares habitadas,S; D0,Sensibilidad,+,04_census_urban.R; 10_build.R,"Sustituto de RZ_HACIN (el censo no publica el conteo de viviendas hacinadas). No se valida contra CONEVAL porque uno es promedio y otro porcentaje."
ageb_indicadores,65,GRS_GRADO,Validación CONEVAL,"Grado de Rezago Social de la AGEB urbana según CONEVAL.",categórica ordinal,,,Solo urbana,CONEVAL_GRS2020,Grado de Rezago Social (col. 28),"Lectura directa.",,E: rural; S: CONEVAL no lo publica,Validación externa,+,06_coneval.R,"Valores: Muy bajo, Bajo, Medio, Alto, Muy alto. No hay índice continuo (IRS) por AGEB (D-23)."
ageb_indicadores,66,GRS_NUM,Validación CONEVAL,"Grado de Rezago Social codificado numéricamente.",entero,ordinal 1–5,,Solo urbana,PIPELINE,GRS_GRADO,"1 = Muy bajo, 2 = Bajo, 3 = Medio, 4 = Alto, 5 = Muy alto.",,E: rural; S: CONEVAL no lo publica,Validación externa,+,06_coneval.R,"Ordinal: no promediar como si fuera continuo."
ageb_indicadores,67,RZ_ANALF,Validación CONEVAL,"CONEVAL: % de población de 15 años o más analfabeta.",decimal,%,,Solo urbana,CONEVAL_GRS2020,col. 11,"Lectura directa, sin redondeo.",Según CONEVAL,E: rural; S: CONEVAL no lo publica,Validación externa,+,06_coneval.R,"Equivalente censal: PCT_ANALF."
ageb_indicadores,68,RZ_INA614,Validación CONEVAL,"CONEVAL: % de población de 6 a 14 años que no asiste a la escuela.",decimal,%,,Solo urbana,CONEVAL_GRS2020,col. 12,"Lectura directa.",Según CONEVAL,E: rural; S: CONEVAL no lo publica,Validación externa,+,06_coneval.R,"Equivalente: PCT_NOASIS_6A14."
ageb_indicadores,69,RZ_INA1524,Validación CONEVAL,"CONEVAL: % de población de 15 a 24 años que no asiste a la escuela.",decimal,%,,Solo urbana,CONEVAL_GRS2020,col. 13,"Lectura directa.",Según CONEVAL,E: rural; S: CONEVAL no lo publica,Validación externa,+,06_coneval.R,"Equivalente: PCT_NOASIS_15A24."
ageb_indicadores,70,RZ_EBINC,Validación CONEVAL,"CONEVAL: % de población de 15 años o más con educación básica incompleta.",decimal,%,,Solo urbana,CONEVAL_GRS2020,col. 14,"Lectura directa.",Según CONEVAL,E: rural; S: CONEVAL no lo publica,Validación externa,+,06_coneval.R,"Equivalente: PCT_EDU_BAS_INC."
ageb_indicadores,71,RZ_SSALUD,Validación CONEVAL,"CONEVAL: % de población sin derechohabiencia a servicios de salud.",decimal,%,,Solo urbana,CONEVAL_GRS2020,col. 15,"Lectura directa.",Según CONEVAL,E: rural; S: CONEVAL no lo publica,Validación externa,+,06_coneval.R,"Equivalente: PCT_POB_SIN_SALUD."
ageb_indicadores,72,RZ_HACIN,Validación CONEVAL,"CONEVAL: % de viviendas con hacinamiento.",decimal,%,,Solo urbana,CONEVAL_GRS2020,col. 16,"Lectura directa.",Según CONEVAL,E: rural; S: CONEVAL no lo publica,Validación externa,+,06_coneval.R,"Sin equivalente exacto; PRO_OCUP_C es el sustituto más cercano."
ageb_indicadores,73,RZ_SAGUA,Validación CONEVAL,"CONEVAL: % de viviendas que no disponen de agua entubada de la red pública.",decimal,%,,Solo urbana,CONEVAL_GRS2020,col. 17,"Lectura directa.",Según CONEVAL,E: rural; S: CONEVAL no lo publica,Validación externa,+,06_coneval.R,"Equivalente: PCT_VIV_SIN_AGUA."
ageb_indicadores,74,RZ_SEXCUS,Validación CONEVAL,"CONEVAL: % de viviendas que no disponen de excusado o sanitario.",decimal,%,,Solo urbana,CONEVAL_GRS2020,col. 18,"Lectura directa.",Según CONEVAL,E: rural; S: CONEVAL no lo publica,Validación externa,+,06_coneval.R,"Equivalente: PCT_VIV_SIN_SANITARIO."
ageb_indicadores,75,RZ_SDREN,Validación CONEVAL,"CONEVAL: % de viviendas que no disponen de drenaje.",decimal,%,,Solo urbana,CONEVAL_GRS2020,col. 19,"Lectura directa.",Según CONEVAL,E: rural; S: CONEVAL no lo publica,Validación externa,+,06_coneval.R,"Equivalente: PCT_VIV_SIN_DRENAJE."
ageb_indicadores,76,RZ_SELEC,Validación CONEVAL,"CONEVAL: % de viviendas que no disponen de energía eléctrica.",decimal,%,,Solo urbana,CONEVAL_GRS2020,col. 20,"Lectura directa.",Según CONEVAL,E: rural; S: CONEVAL no lo publica,Validación externa,+,06_coneval.R,"Equivalente: PCT_VIV_SIN_ELECTRIC."
ageb_indicadores,77,RZ_PISOT,Validación CONEVAL,"CONEVAL: % de viviendas con piso de tierra.",decimal,%,,Solo urbana,CONEVAL_GRS2020,col. 21,"Lectura directa.",Según CONEVAL,E: rural; S: CONEVAL no lo publica,Validación externa,+,06_coneval.R,"Equivalente: PCT_VIV_PISO_TIERRA."
ageb_indicadores,78,RZ_SLAVAD,Validación CONEVAL,"CONEVAL: % de viviendas que no disponen de lavadora.",decimal,%,,Solo urbana,CONEVAL_GRS2020,col. 22,"Lectura directa.",Según CONEVAL,E: rural; S: CONEVAL no lo publica,Validación externa,+,06_coneval.R,"Equivalente: 100 − PCT_VIV_LAVADORA."
ageb_indicadores,79,RZ_SREFRI,Validación CONEVAL,"CONEVAL: % de viviendas que no disponen de refrigerador.",decimal,%,,Solo urbana,CONEVAL_GRS2020,col. 23,"Lectura directa.",Según CONEVAL,E: rural; S: CONEVAL no lo publica,Validación externa,+,06_coneval.R,"Equivalente: 100 − PCT_VIV_REFRI."
ageb_indicadores,80,RZ_STELF,Validación CONEVAL,"CONEVAL: % de viviendas que no disponen de línea telefónica fija.",decimal,%,,Solo urbana,CONEVAL_GRS2020,col. 24,"Lectura directa.",Según CONEVAL,E: rural; S: CONEVAL no lo publica,Validación externa,+,06_coneval.R,"Equivalente: 100 − PCT_VIV_TELEFONO."
ageb_indicadores,81,RZ_SCEL,Validación CONEVAL,"CONEVAL: % de viviendas que no disponen de teléfono celular.",decimal,%,,Solo urbana,CONEVAL_GRS2020,col. 25,"Lectura directa.",Según CONEVAL,E: rural; S: CONEVAL no lo publica,Validación externa,+,06_coneval.R,"Equivalente: 100 − PCT_VIV_CELULAR."
ageb_indicadores,82,RZ_SCOMPU,Validación CONEVAL,"CONEVAL: % de viviendas que no disponen de computadora, laptop o tablet.",decimal,%,,Solo urbana,CONEVAL_GRS2020,col. 26,"Lectura directa.",Según CONEVAL,E: rural; S: CONEVAL no lo publica,Validación externa,+,06_coneval.R,"Equivalente: 100 − PCT_VIV_COMPU."
ageb_indicadores,83,RZ_SINTER,Validación CONEVAL,"CONEVAL: % de viviendas que no disponen de internet.",decimal,%,,Solo urbana,CONEVAL_GRS2020,col. 27,"Lectura directa.",Según CONEVAL,E: rural; S: CONEVAL no lo publica,Validación externa,+,06_coneval.R,"Equivalente: 100 − PCT_VIV_INTERNET."
ageb_indicadores,84,DENUE_TOT,Actividad económica,"Unidades económicas registradas en el DENUE.",entero,establecimientos,,Ambos,DENUE,registros,"Conteo de registros cuya clave de AGEB resuelve a esta AGEB.",,Nunca (0 = sin establecimientos),Contexto,±,07_denue.R,"Incluye todos los sectores SCIAN. DENUE es de 2026-05, no de 2020 (D-26)."
ageb_indicadores,85,DEN_MANUF,Actividad económica,"Unidades económicas de industrias manufactureras.",entero,establecimientos,,Ambos,DENUE,codigo_act,"Conteo con sector SCIAN 31, 32 o 33.",,Nunca,Contexto,±,07_denue.R,
ageb_indicadores,86,DEN_COM,Actividad económica,"Unidades económicas de comercio.",entero,establecimientos,,Ambos,DENUE,codigo_act,"Conteo con sector SCIAN 43 (mayoreo) o 46 (menudeo).",,Nunca,Contexto,±,07_denue.R,"Proxy de acceso a abasto."
ageb_indicadores,87,DEN_SERV,Actividad económica,"Unidades económicas de servicios.",entero,establecimientos,,Ambos,DENUE,codigo_act,"Conteo con sector SCIAN entre 48 y 81.",,Nunca,Contexto,±,07_denue.R,"Incluye a DEN_EDU: los conteos no son aditivos."
ageb_indicadores,88,DEN_EDU,Actividad económica,"Unidades económicas de servicios educativos.",entero,establecimientos,,Ambos,DENUE,codigo_act,"Conteo con sector SCIAN 61.",,Nunca,Capacidad adaptativa,−,07_denue.R,"Subconjunto de DEN_SERV. Idéntico a SCHOOL_TOT en todo el país."
ageb_indicadores,89,DEN_GOB,Actividad económica,"Unidades de actividades legislativas, gubernamentales y de impartición de justicia.",entero,establecimientos,,Ambos,DENUE,codigo_act,"Conteo con sector SCIAN 93.",,Nunca,Capacidad adaptativa,−,07_denue.R,"Proxy de presencia institucional."
ageb_indicadores,90,SCHOOL_TOT,Actividad económica,"Escuelas (proxy de posibles refugios temporales).",entero,establecimientos,,Ambos,DENUE,codigo_act,"Conteo con subsector SCIAN 611.",,Nunca,Capacidad adaptativa,−,07_denue.R,"Hoy es idéntico a DEN_EDU (el sector 61 solo tiene el subsector 611). No son refugios oficiales."
ageb_indicadores,91,WATER_AREA,Hidrografía,"Superficie de cuerpos de agua dentro de la AGEB.",decimal,km²,6,Ambos,INEGI_CA50,geometría,"Área de la intersección AGEB ∩ unión de cuerpos de agua, en EPSG:6372.",,Nunca (0 = sin agua),Exposición (contexto),±,08_hydrology.R,"Intersección de áreas, nunca unión espacial (D-27)."
ageb_indicadores,92,WATER_PCT,Hidrografía,"Porcentaje de la superficie de la AGEB cubierta por cuerpos de agua.",decimal,%,2,Ambos,PIPELINE,,"min(100, 100 × WATER_AREA / AREA_KM2).",AREA_KM2,Nunca,Exposición (contexto),±,08_hydrology.R,"No mide amenaza de inundación: solo presencia de agua superficial cartografiada."
ageb_indicadores,93,HAS_WATER,Hidrografía,"Indicador de presencia de cuerpos de agua en la AGEB.",binaria,0/1,,Ambos,PIPELINE,,"1 si WATER_AREA > 0; 0 en otro caso.",,Nunca,Exposición (contexto),±,08_hydrology.R,
ageb_indicadores,94,USO_DOM,Uso de suelo,"Clase de uso de suelo y vegetación que ocupa más superficie de la AGEB.",categórica,,,Ambos,INEGI_USV7,DESCRIPCIO,"Clase con mayor área disuelta dentro de la AGEB.",,C: ningún polígono USV intersecta la AGEB,Exposición (contexto),±,09_landuse.R,"129 clases a nivel nacional; 'ASENTAMIENTOS HUMANOS' es la más frecuente. Escala 1:250,000: poco detalle en AGEB urbanas chicas."
ageb_indicadores,95,USO_PCT,Uso de suelo,"Porcentaje de la AGEB cubierto por la clase dominante.",decimal,%,2,Ambos,PIPELINE,,"min(100, 100 × área de USO_DOM / AREA_KM2).",AREA_KM2,C: igual que USO_DOM,Exposición (contexto),n/a,09_landuse.R,
ageb_indicadores,96,PCT_URB,Uso de suelo,"Porcentaje de la AGEB clasificado como asentamiento humano o zona urbana.",decimal,%,2,Ambos,PIPELINE,DESCRIPCIO,"min(100, Σ CLASS_PCT de clases que contienen ASENTAMIENTO, ZONA URBANA o URBANO).",AREA_KM2,Nunca (0 = sin clase urbana),Exposición (contexto),±,09_landuse.R,"Proxy grueso de superficie construida (isla de calor), limitado por la escala 1:250,000."
ageb_indicadores,97,DIST_HOSP_KM,Acceso a salud,"Distancia a la unidad hospitalaria en operación más cercana (segundo o tercer nivel), pública o privada.",decimal,km,3,Ambos,CLUES,"LATITUD, LONGITUD, NOMBRE TIPO ESTABLECIMIENTO","Distancia euclidiana en EPSG:6372 al hospital más cercano del país. Urbana y rural deshabitada: desde el punto interior de la AGEB. Rural habitada: promedio de sus localidades habitadas ponderado por POBTOT (ver DIST_ORIGEN).","Unidades CLUES en operación de tipo DE HOSPITALIZACIÓN, sin psiquiátricos ni de adicciones, geocodificadas a ≤ 5 km de su entidad",Nunca,Capacidad adaptativa,+,09b_health.R,"Distancia en línea recta, no tiempo de traslado: subestima el acceso en zonas serranas. Incluye 3,645 hospitales privados, muchos de ellos clínicas pequeñas; para población sin seguridad social usa DIST_HOSP_PUB_KM."
ageb_indicadores,98,DIST_HOSP_PUB_KM,Acceso a salud,"Distancia al hospital público en operación más cercano (segundo o tercer nivel).",decimal,km,3,Ambos,CLUES,"LATITUD, LONGITUD, NOMBRE DE LA INSTITUCION","Igual que DIST_HOSP_KM, restringido a instituciones públicas.",Hospitales de DIST_HOSP_KM excepto servicios médicos privados y Cruz Roja,Nunca,Capacidad adaptativa,+,09b_health.R,"Distancia en línea recta, no tiempo de traslado: subestima el acceso en zonas serranas. Siempre ≥ DIST_HOSP_KM (control health_public_hospital_not_nearer)."
ageb_indicadores,99,DIST_1NIVEL_PUB_KM,Acceso a salud,"Distancia a la unidad pública de primer nivel en operación más cercana (centro de salud, unidad de medicina familiar, unidad médica rural).",decimal,km,3,Ambos,CLUES,"LATITUD, LONGITUD, NIVEL ATENCION","Igual que DIST_HOSP_KM, con unidades de consulta externa de primer nivel.","Unidades CLUES en operación DE CONSULTA EXTERNA y PRIMER NIVEL, públicas, fijas (sin unidades móviles ni brigadas), sin fiscalías, forenses, CIJ, SCT ni DIF",Nunca,Capacidad adaptativa,+,09b_health.R,"Distancia en línea recta, no tiempo de traslado: subestima el acceso en zonas serranas. Casi siempre corto (mediana < 1 km en AGEB urbanas); discrimina sobre todo en AGEB rurales."
ageb_indicadores,100,DIST_ORIGEN,Acceso a salud,"Punto desde el que se midieron las distancias a unidades de salud, cauces y costa.",categórica,,,Ambos,PIPELINE,,"'Localidades' si la AGEB es rural y tiene localidades habitadas en {ENT}lpr.shp; si no, 'Punto interior'.",,Nunca,Metadato,n/a,09b_health.R; 09c_terrain.R,"Valores: Localidades, Punto interior. Toda AGEB urbana usa el punto interior; una rural con Punto interior está deshabitada. En relieve (ELEV_M, pendientes) el mismo criterio usa el polígono completo en lugar del punto interior, y discos de 150 m en lugar de las localidades puntuales."
ageb_indicadores,101,ELEV_M,Relieve y exposición,"Elevación media del terreno habitado sobre el nivel medio del mar.",decimal,m,1,Ambos,CEM4,valor del ráster,"Media de las celdas del CEM 4.0 (15 m). Urbana y rural deshabitada: sobre todo el polígono. Rural habitada: disco de 150 m (TERRAIN_BUFFER_M) alrededor de cada localidad habitada, promedio ponderado por POBTOT.",Celdas del CEM dentro del polígono o de los discos,C: islas que el CEM no cubre,Exposición (contexto),±,09c_terrain.R,"Referida al Geoide Gravimétrico Mexicano 2010. Puede ser ligeramente negativa en planicies costeras. Junto con DIST_COSTA_KM identifica zonas bajas costeras."
ageb_indicadores,102,PEND_MEDIA_GRAD,Relieve y exposición,"Pendiente media del terreno habitado.",decimal,grados,2,Ambos,CEM4,valor del ráster,"terra::terrain(slope, grados) sobre el CEM 4.0; media por zona. Urbana y rural deshabitada: sobre todo el polígono. Rural habitada: disco de 150 m (TERRAIN_BUFFER_M) alrededor de cada localidad habitada, promedio ponderado por POBTOT.",Igual que ELEV_M,C: islas que el CEM no cubre,Exposición (deslizamiento),+,09c_terrain.R,"El CEM 4.0 viene de radar (ALOS PALSAR): en ciudades densas sigue en parte los techos, así que la pendiente urbana sale algo rugosa."
ageb_indicadores,103,PCT_PEND_15,Relieve y exposición,"Porcentaje del terreno habitado con pendiente mayor a 15 grados.",decimal,%,2,Ambos,CEM4,valor del ráster,"100 × proporción de celdas con pendiente > 15°. Urbana y rural deshabitada: sobre todo el polígono. Rural habitada: disco de 150 m (TERRAIN_BUFFER_M) alrededor de cada localidad habitada, promedio ponderado por POBTOT.",Igual que ELEV_M,C: islas que el CEM no cubre,Exposición (deslizamiento),+,09c_terrain.R,"15° es un umbral habitual de susceptibilidad moderada a procesos de remoción en masa."
ageb_indicadores,104,PCT_PEND_30,Relieve y exposición,"Porcentaje del terreno habitado con pendiente mayor a 30 grados.",decimal,%,2,Ambos,CEM4,valor del ráster,"100 × proporción de celdas con pendiente > 30°. Urbana y rural deshabitada: sobre todo el polígono. Rural habitada: disco de 150 m (TERRAIN_BUFFER_M) alrededor de cada localidad habitada, promedio ponderado por POBTOT.",Igual que ELEV_M,C: islas que el CEM no cubre,Exposición (deslizamiento),+,09c_terrain.R,"Siempre ≤ PCT_PEND_15 (control terrain_slope_consistent). Mediana 0: muy concentrado en la sierra."
ageb_indicadores,105,DIST_CAUCE_KM,Relieve y exposición,"Distancia en línea recta al cauce más cercano de orden de Strahler 3 o mayor.",decimal,km,3,Ambos,RED_HIDRO50,ORDER_1,"Distancia en EPSG:6372 al segmento más cercano de la red hidrográfica con ORDER_1 ≥ 3 (STREAM_MIN_ORDER). Desde el punto interior (urbana y rural deshabitada) o desde cada localidad habitada, ponderado por POBTOT (ver DIST_ORIGEN).","Líneas de flujo (corrientes y líneas centrales) de orden ≥ 3, perennes o intermitentes",Nunca,Exposición (inundación),−,09c_terrain.R,"A escala 1:50 000 casi todo punto está a pocos cientos de metros de un arroyo de orden 1; el filtro de orden deja cauces con cuenca apreciable. Úsala junto con DESNIVEL_CAUCE_M: cerca y poco por encima es lo que indica riesgo."
ageb_indicadores,106,DESNIVEL_CAUCE_M,Relieve y exposición,"Altura del terreno habitado sobre el agua más cercana: el lecho del cauce de orden ≥ 3 o el mar, lo que esté más cerca.",decimal,m,1,Ambos,CEM4; RED_HIDRO50; CONABIO_COSTA,,"ELEV_M del origen (disco o polígono) menos la elevación del agua más cercana: la celda más baja del CEM en 45 m (STREAM_BED_RADIUS_M) alrededor del punto más cercano del cauce, o 0 si la costa está más cerca. Ponderado por POBTOT en AGEB rurales.",Igual que DIST_CAUCE_KM,C: el lecho cae fuera del CEM,Exposición (inundación),−,09c_terrain.R,"Aproximación de HAND (altura sobre el drenaje más cercano) con el cauce más cercano en planta, no el de la trayectoria real del agua: puede ser negativa si ese cauce corre en el valle vecino. No considera bordos, capacidad del cauce ni lluvia."
ageb_indicadores,107,DIST_COSTA_KM,Relieve y exposición,"Distancia en línea recta a la línea de costa.",decimal,km,3,Ambos,CONABIO_COSTA,DESCRIP,"Distancia en EPSG:6372 al segmento de costa más cercano, sin los segmentos Frontera. Mismos orígenes que DIST_CAUCE_KM.",Línea de costa continental e insular,Nunca,Exposición (marea de tormenta),−,09c_terrain.R,"Las lagunas costeras cuentan solo donde la capa de CONABIO las traza como costa. Para marea de tormenta, combinar con ELEV_M (p. ej. < 10 m)."
ageb_indicadores,108,AMZ_INUND,Amenaza (CENAPRED),Grado de peligro por inundación del municipio al que pertenece la AGEB.,categórica ordinal,grado (1–5),,Ambos,CENAPRED_SITU2023,gp_inundac,"Etiqueta de CENAPRED recodificada: Muy bajo=1, Bajo=2, Medio=3, Alto=4, Muy alto=5.",,C: solo si el municipio no tiene fila en la tabla de CENAPRED,Amenaza (fuera del índice),n/a,13_hazard.R,"Resolución municipal: todas las AGEB del municipio comparten el valor. Es una clase ordinal, no una magnitud física, y su escala no es comparable con la de otra amenaza. Queda fuera del índice de vulnerabilidad (D-30). Distribución nacional casi uniforme entre las cinco clases (492–496 municipios cada una)."
ageb_indicadores,109,AMZ_SEQUIA,Amenaza (CENAPRED),Grado de peligro por sequía del municipio al que pertenece la AGEB.,categórica ordinal,grado (1–5),,Ambos,CENAPRED_SITU2023,gp_sequia2,"Etiqueta de CENAPRED recodificada: Muy bajo=1, Bajo=2, Medio=3, Alto=4, Muy alto=5.",,C: solo si el municipio no tiene fila en la tabla de CENAPRED,Amenaza (fuera del índice),n/a,13_hazard.R,"Resolución municipal: todas las AGEB del municipio comparten el valor. Es una clase ordinal, no una magnitud física, y su escala no es comparable con la de otra amenaza. Queda fuera del índice de vulnerabilidad (D-30). Muy sesgada: solo 9 municipios son Muy alto y 1,082 son Bajo."
ageb_indicadores,110,AMZ_ONDA_CAL,Amenaza (CENAPRED),Grado de peligro por ondas cálidas (calor extremo) del municipio al que pertenece la AGEB.,categórica ordinal,grado (1–5),,Ambos,CENAPRED_SITU2023,gp_ondasca,"Etiqueta de CENAPRED recodificada: Muy bajo=1, Bajo=2, Medio=3, Alto=4, Muy alto=5.",,C: solo si el municipio no tiene fila en la tabla de CENAPRED,Amenaza (fuera del índice),n/a,13_hazard.R,"Resolución municipal: todas las AGEB del municipio comparten el valor. Es una clase ordinal, no una magnitud física, y su escala no es comparable con la de otra amenaza. Queda fuera del índice de vulnerabilidad (D-30). Es la amenaza de calor disponible a esta escala; no sustituye un indicador de isla de calor intraurbana."
ageb_indicadores,111,AMZ_CICLON,Amenaza (CENAPRED),Grado de peligro por ciclones tropicales del municipio al que pertenece la AGEB.,categórica ordinal,grado (1–5),,Ambos,CENAPRED_SITU2023,gp_ciclnes,"Etiqueta de CENAPRED recodificada: Muy bajo=1, Bajo=2, Medio=3, Alto=4, Muy alto=5.",,C: solo si el municipio no tiene fila en la tabla de CENAPRED,Amenaza (fuera del índice),n/a,13_hazard.R,"Resolución municipal: todas las AGEB del municipio comparten el valor. Es una clase ordinal, no una magnitud física, y su escala no es comparable con la de otra amenaza. Queda fuera del índice de vulnerabilidad (D-30)."
ageb_indicadores,112,AMZ_DESLIZ,Amenaza (CENAPRED),Grado de susceptibilidad a deslizamientos de laderas del municipio al que pertenece la AGEB.,categórica ordinal,grado (1–5),,Ambos,CENAPRED_SITU2023,susceplad,"Etiqueta de CENAPRED recodificada: Muy bajo=1, Bajo=2, Medio=3, Alto=4, Muy alto=5.",,C: solo si el municipio no tiene fila en la tabla de CENAPRED,Amenaza (fuera del índice),n/a,13_hazard.R,"Resolución municipal: todas las AGEB del municipio comparten el valor. Es una clase ordinal, no una magnitud física, y su escala no es comparable con la de otra amenaza. Queda fuera del índice de vulnerabilidad (D-30). Susceptibilidad del terreno, no peligro con periodo de retorno. 1,692 de 2,469 municipios son Alto, así que discrimina poco por sí sola."
ageb_indicadores,113,AMZ_TORM_ELEC,Amenaza (CENAPRED),Grado de peligro por tormentas eléctricas del municipio al que pertenece la AGEB.,categórica ordinal,grado (1–5),,Ambos,CENAPRED_SITU2023,gp_tormele,"Etiqueta de CENAPRED recodificada: Muy bajo=1, Bajo=2, Medio=3, Alto=4, Muy alto=5.",,C: solo si el municipio no tiene fila en la tabla de CENAPRED,Amenaza (fuera del índice),n/a,13_hazard.R,"Resolución municipal: todas las AGEB del municipio comparten el valor. Es una clase ordinal, no una magnitud física, y su escala no es comparable con la de otra amenaza. Queda fuera del índice de vulnerabilidad (D-30)."
ageb_indicadores,114,AMZ_GRANIZO,Amenaza (CENAPRED),Grado de peligro por granizo del municipio al que pertenece la AGEB.,categórica ordinal,grado (1–5),,Ambos,CENAPRED_SITU2023,gp_granizo,"Etiqueta de CENAPRED recodificada: Muy bajo=1, Bajo=2, Medio=3, Alto=4, Muy alto=5.",,C: solo si el municipio no tiene fila en la tabla de CENAPRED,Amenaza (fuera del índice),n/a,13_hazard.R,"Resolución municipal: todas las AGEB del municipio comparten el valor. Es una clase ordinal, no una magnitud física, y su escala no es comparable con la de otra amenaza. Queda fuera del índice de vulnerabilidad (D-30)."
ageb_indicadores,115,AMZ_TEMP_BAJA,Amenaza (CENAPRED),Grado de peligro por temperaturas bajas del municipio al que pertenece la AGEB.,categórica ordinal,grado (1–5),,Ambos,CENAPRED_SITU2023,gp_bajaste,"Etiqueta de CENAPRED recodificada: Muy bajo=1, Bajo=2, Medio=3, Alto=4, Muy alto=5.",,C: solo si el municipio no tiene fila en la tabla de CENAPRED,Amenaza (fuera del índice),n/a,13_hazard.R,"Resolución municipal: todas las AGEB del municipio comparten el valor. Es una clase ordinal, no una magnitud física, y su escala no es comparable con la de otra amenaza. Queda fuera del índice de vulnerabilidad (D-30)."
ageb_indicadores,116,AMZ_NEVADA,Amenaza (CENAPRED),Grado de peligro por nevadas del municipio al que pertenece la AGEB.,categórica ordinal,grado (1–5),,Ambos,CENAPRED_SITU2023,gp_nevadas,"Etiqueta de CENAPRED recodificada: Muy bajo=1, Bajo=2, Medio=3, Alto=4, Muy alto=5.",,C: solo si el municipio no tiene fila en la tabla de CENAPRED,Amenaza (fuera del índice),n/a,13_hazard.R,"Resolución municipal: todas las AGEB del municipio comparten el valor. Es una clase ordinal, no una magnitud física, y su escala no es comparable con la de otra amenaza. Queda fuera del índice de vulnerabilidad (D-30). 2,318 de 2,469 municipios son Muy bajo: solo informativa en el norte y en zonas de alta montaña."
ageb_indicadores,117,AMZ_SISMO,Amenaza (CENAPRED),Grado de peligro sísmico del municipio al que pertenece la AGEB.,categórica ordinal,grado (1–5),,Ambos,CENAPRED_SITU2023,gp_sismico,"Etiqueta de CENAPRED recodificada: Muy bajo=1, Bajo=2, Medio=3, Alto=4, Muy alto=5.",,C: solo si el municipio no tiene fila en la tabla de CENAPRED,Amenaza (fuera del índice),n/a,13_hazard.R,"Resolución municipal: todas las AGEB del municipio comparten el valor. Es una clase ordinal, no una magnitud física, y su escala no es comparable con la de otra amenaza. Queda fuera del índice de vulnerabilidad (D-30). No es amenaza climática; se incluye para análisis multiamenaza. La clase Muy bajo no se usa en ningún municipio."
ageb_indicadores,118,AMZ_VOLCAN,Amenaza (CENAPRED),Grado de peligro volcánico del municipio al que pertenece la AGEB.,categórica ordinal,grado (0–5),,Ambos,CENAPRED_SITU2023,volcanes,"Etiqueta de CENAPRED recodificada: Muy bajo=1, Bajo=2, Medio=3, Alto=4, Muy alto=5. 'Sin peligro' = 0.",,C: solo si el municipio no tiene fila en la tabla de CENAPRED,Amenaza (fuera del índice),n/a,13_hazard.R,"Resolución municipal: todas las AGEB del municipio comparten el valor. Es una clase ordinal, no una magnitud física, y su escala no es comparable con la de otra amenaza. Queda fuera del índice de vulnerabilidad (D-30). Única columna con 0 = 'Sin Peligro' (1,138 municipios), que es ausencia real de amenaza, no dato faltante. No es amenaza climática."
ageb_indicadores,119,AMZ_SUS_TOX,Amenaza (CENAPRED),Grado de peligro por sustancias tóxicas del municipio al que pertenece la AGEB.,categórica ordinal,grado (0–5),,Ambos,CENAPRED_SITU2023,gp_sustox,"Etiqueta de CENAPRED recodificada: Muy bajo=1, Bajo=2, Medio=3, Alto=4, Muy alto=5. 'Sin peligro' = 0.",,"C: 12 municipios de creación reciente (02006, 04012, 07120–07125, 17034–17036, 23011) traen el campo en blanco en la fuente",Amenaza (fuera del índice),n/a,13_hazard.R,"Resolución municipal: todas las AGEB del municipio comparten el valor. Es una clase ordinal, no una magnitud física, y su escala no es comparable con la de otra amenaza. Queda fuera del índice de vulnerabilidad (D-30). Riesgo tecnológico, no climático. 0 = 'Sin peligro': el municipio no registra instalaciones con esas sustancias, no es dato faltante."
ageb_indicadores,120,AMZ_SUS_INFLA,Amenaza (CENAPRED),Grado de peligro por sustancias inflamables del municipio al que pertenece la AGEB.,categórica ordinal,grado (0–5),,Ambos,CENAPRED_SITU2023,gp_susinfl,"Etiqueta de CENAPRED recodificada: Muy bajo=1, Bajo=2, Medio=3, Alto=4, Muy alto=5. 'Sin peligro' = 0.",,"C: 12 municipios de creación reciente (02006, 04012, 07120–07125, 17034–17036, 23011) traen el campo en blanco en la fuente",Amenaza (fuera del índice),n/a,13_hazard.R,"Resolución municipal: todas las AGEB del municipio comparten el valor. Es una clase ordinal, no una magnitud física, y su escala no es comparable con la de otra amenaza. Queda fuera del índice de vulnerabilidad (D-30). Riesgo tecnológico, no climático. 0 = 'Sin peligro': el municipio no registra instalaciones con esas sustancias, no es dato faltante."
ageb_indicadores,121,CEN_RESIL,Amenaza (CENAPRED),Grado de resiliencia del municipio según CENAPRED.,categórica ordinal,grado (1–5),,Ambos,CENAPRED_SITU2023,g_resilien,"Etiqueta de CENAPRED recodificada: Muy bajo=1, Bajo=2, Medio=3, Alto=4, Muy alto=5.",,C: solo si el municipio no tiene fila en la tabla de CENAPRED,Validación externa,−,13_hazard.R,"Juicio municipal de CENAPRED, no insumo del índice: se publica para contrastarlo con lo que esta base calcula por AGEB, igual que GRS_GRADO (D-23). Un valor mayor indica más resiliencia, es decir menos vulnerabilidad."
ageb_indicadores,122,CEN_VULN_CC,Amenaza (CENAPRED),Municipio clasificado por CENAPRED como vulnerable al cambio climático.,binaria,,,Ambos,CENAPRED_SITU2023,v_cc,"'Si' = 1, 'No' = 0.",,"C: 12 municipios de creación reciente (02006, 04012, 07120–07125, 17034–17036, 23011) traen el campo en blanco en la fuente",Validación externa,+,13_hazard.R,"319 municipios marcados Sí. CENAPRED no publica con esta capa el criterio de corte; úsese como contraste, no como insumo."
ageb_indicadores,123,POB_0A2,Conteos censales,Población de 0 a 2 años.,decimal (conteo),personas,,Ambos,CPV2020_AGEB / CPV2020_ITER,P_0A2,"Directo (urbana) o suma (rural, grupo PERS).",,S,Conteo para reagregar,n/a,04_census_urban.R; 05_census_rural.R,"Los conteos se publican para reagregar a otras geografías: suma numeradores y denominadores, nunca porcentajes."
ageb_indicadores,124,POB_3A5,Conteos censales,Población de 3 a 5 años.,decimal (conteo),personas,,Ambos,CPV2020_AGEB / CPV2020_ITER,P_3A5,Igual que POB_0A2.,,S,Conteo para reagregar,n/a,04_census_urban.R; 05_census_rural.R,
ageb_indicadores,125,POB_65YMAS,Conteos censales,Población de 65 años y más.,decimal (conteo),personas,,Ambos,CPV2020_AGEB / CPV2020_ITER,POB65_MAS,Igual que POB_0A2.,,S,Conteo para reagregar,n/a,04_census_urban.R; 05_census_rural.R,
ageb_indicadores,126,POB_DISC,Conteos censales,Población con discapacidad.,decimal (conteo),personas,,Ambos,CPV2020_AGEB / CPV2020_ITER,PCON_DISC,Igual que POB_0A2.,,S,Conteo para reagregar,n/a,04_census_urban.R; 05_census_rural.R,
ageb_indicadores,127,POB_3YMAS,Conteos censales,Población de 3 años y más.,decimal (conteo),personas,,Ambos,CPV2020_AGEB / CPV2020_ITER,P_3YMAS,Igual que POB_0A2.,,S,Conteo para reagregar,n/a,04_census_urban.R; 05_census_rural.R,
ageb_indicadores,128,POB_HLI,Conteos censales,Población de 3 años y más que habla alguna lengua indígena.,decimal (conteo),personas,,Ambos,CPV2020_AGEB / CPV2020_ITER,P3YM_HLI,Igual que POB_0A2.,,S,Conteo para reagregar,n/a,04_census_urban.R; 05_census_rural.R,
ageb_indicadores,129,POB_HLI_NHE,Conteos censales,Población de 3 años y más que habla lengua indígena y no habla español.,decimal (conteo),personas,,Ambos,CPV2020_AGEB / CPV2020_ITER,P3HLINHE,Igual que POB_0A2.,,S,Conteo para reagregar,n/a,04_census_urban.R; 05_census_rural.R,
ageb_indicadores,130,POB_SIN_SALUD,Conteos censales,Población sin afiliación a servicios de salud.,decimal (conteo),personas,,Ambos,CPV2020_AGEB / CPV2020_ITER,PSINDER,Igual que POB_0A2.,,S,Conteo para reagregar,n/a,04_census_urban.R; 05_census_rural.R,
ageb_indicadores,131,POB_15YMAS,Conteos censales,Población de 15 años y más.,decimal (conteo),personas,,Ambos,CPV2020_AGEB / CPV2020_ITER,P_15YMAS,Igual que POB_0A2.,,S,Conteo para reagregar,n/a,04_census_urban.R; 05_census_rural.R,
ageb_indicadores,132,POB_15YMAS_ANALF,Conteos censales,Población de 15 años y más analfabeta.,decimal (conteo),personas,,Ambos,CPV2020_AGEB / CPV2020_ITER,P15YM_AN,Igual que POB_0A2.,,S,Conteo para reagregar,n/a,04_census_urban.R; 05_census_rural.R,
ageb_indicadores,133,POB_15YMAS_SIN_ESC,Conteos censales,Población de 15 años y más sin escolaridad (o solo preescolar).,decimal (conteo),personas,,Ambos,CPV2020_AGEB / CPV2020_ITER,P15YM_SE,Igual que POB_0A2.,,S,Conteo para reagregar,n/a,04_census_urban.R; 05_census_rural.R,
ageb_indicadores,134,POB_15YMAS_PRIM_INC,Conteos censales,Población de 15 años y más con primaria incompleta.,decimal (conteo),personas,,Ambos,CPV2020_AGEB / CPV2020_ITER,P15PRI_IN,Igual que POB_0A2.,,S,Conteo para reagregar,n/a,04_census_urban.R; 05_census_rural.R,
ageb_indicadores,135,POB_15YMAS_PRIM_COM,Conteos censales,Población de 15 años y más con primaria completa (como máxima escolaridad).,decimal (conteo),personas,,Ambos,CPV2020_AGEB / CPV2020_ITER,P15PRI_CO,Igual que POB_0A2.,,S,Conteo para reagregar,n/a,04_census_urban.R; 05_census_rural.R,
ageb_indicadores,136,POB_15YMAS_SEC_INC,Conteos censales,Población de 15 años y más con secundaria incompleta.,decimal (conteo),personas,,Ambos,CPV2020_AGEB / CPV2020_ITER,P15SEC_IN,Igual que POB_0A2.,,S,Conteo para reagregar,n/a,04_census_urban.R; 05_census_rural.R,
ageb_indicadores,137,POB_6A11,Conteos censales,Población de 6 a 11 años.,decimal (conteo),personas,,Ambos,CPV2020_AGEB / CPV2020_ITER,P_6A11,Igual que POB_0A2.,,S,Conteo para reagregar,n/a,04_census_urban.R; 05_census_rural.R,
ageb_indicadores,138,POB_12A14,Conteos censales,Población de 12 a 14 años.,decimal (conteo),personas,,Ambos,CPV2020_AGEB / CPV2020_ITER,P_12A14,Igual que POB_0A2.,,S,Conteo para reagregar,n/a,04_census_urban.R; 05_census_rural.R,
ageb_indicadores,139,POB_6A11_NOASIS,Conteos censales,Población de 6 a 11 años que no asiste a la escuela.,decimal (conteo),personas,,Ambos,CPV2020_AGEB / CPV2020_ITER,P6A11_NOA,Igual que POB_0A2.,,S,Conteo para reagregar,n/a,04_census_urban.R; 05_census_rural.R,
ageb_indicadores,140,POB_12A14_NOASIS,Conteos censales,Población de 12 a 14 años que no asiste a la escuela.,decimal (conteo),personas,,Ambos,CPV2020_AGEB / CPV2020_ITER,P12A14NOA,Igual que POB_0A2.,,S,Conteo para reagregar,n/a,04_census_urban.R; 05_census_rural.R,
ageb_indicadores,141,POB_15A17,Conteos censales,Población de 15 a 17 años.,decimal (conteo),personas,,Ambos,CPV2020_AGEB / CPV2020_ITER,P_15A17,Igual que POB_0A2.,,S,Conteo para reagregar,n/a,04_census_urban.R; 05_census_rural.R,
ageb_indicadores,142,POB_18A24,Conteos censales,Población de 18 a 24 años.,decimal (conteo),personas,,Ambos,CPV2020_AGEB / CPV2020_ITER,P_18A24,Igual que POB_0A2.,,S,Conteo para reagregar,n/a,04_census_urban.R; 05_census_rural.R,
ageb_indicadores,143,POB_15A17_ASIS,Conteos censales,Población de 15 a 17 años que asiste a la escuela.,decimal (conteo),personas,,Ambos,CPV2020_AGEB / CPV2020_ITER,P15A17A,Igual que POB_0A2.,,S,Conteo para reagregar,n/a,04_census_urban.R; 05_census_rural.R,
ageb_indicadores,144,POB_18A24_ASIS,Conteos censales,Población de 18 a 24 años que asiste a la escuela.,decimal (conteo),personas,,Ambos,CPV2020_AGEB / CPV2020_ITER,P18A24A,Igual que POB_0A2.,,S,Conteo para reagregar,n/a,04_census_urban.R; 05_census_rural.R,
ageb_indicadores,145,POB_PEA,Conteos censales,Población económicamente activa de 12 años y más.,decimal (conteo),personas,,Ambos,CPV2020_AGEB / CPV2020_ITER,PEA,Igual que POB_0A2.,,S,Conteo para reagregar,n/a,04_census_urban.R; 05_census_rural.R,
ageb_indicadores,146,POB_PEA_F,Conteos censales,Mujeres de 12 años y más económicamente activas.,decimal (conteo),personas,,Ambos,CPV2020_AGEB / CPV2020_ITER,PEA_F,Igual que POB_0A2.,,S,Conteo para reagregar,n/a,04_census_urban.R; 05_census_rural.R,
ageb_indicadores,147,POB_INAC,Conteos censales,Población de 12 años y más no económicamente activa.,decimal (conteo),personas,,Ambos,CPV2020_AGEB / CPV2020_ITER,PE_INAC,Igual que POB_0A2.,,S,Conteo para reagregar,n/a,04_census_urban.R; 05_census_rural.R,
ageb_indicadores,148,POB_INAC_F,Conteos censales,Mujeres de 12 años y más no económicamente activas.,decimal (conteo),personas,,Ambos,CPV2020_AGEB / CPV2020_ITER,PE_INAC_F,Igual que POB_0A2.,,S,Conteo para reagregar,n/a,04_census_urban.R; 05_census_rural.R,
ageb_indicadores,149,POB_DESOCUP,Conteos censales,Población de 12 años y más desocupada.,decimal (conteo),personas,,Ambos,CPV2020_AGEB / CPV2020_ITER,PDESOCUP,Igual que POB_0A2.,,S,Conteo para reagregar,n/a,04_census_urban.R; 05_census_rural.R,
ageb_indicadores,150,HOGARES,Conteos censales,Total de hogares censales.,decimal (conteo),hogares,,Ambos,CPV2020_AGEB / CPV2020_ITER,TOTHOG,"Directo (urbana) o suma (rural, grupo VIV).",,S,Conteo para reagregar,n/a,04_census_urban.R; 05_census_rural.R,El censo considera un hogar por vivienda particular.
ageb_indicadores,151,HOGARES_JEFA,Conteos censales,Hogares censales con persona de referencia mujer.,decimal (conteo),hogares,,Ambos,CPV2020_AGEB / CPV2020_ITER,HOGJEF_F,Igual que HOGARES.,,S,Conteo para reagregar,n/a,04_census_urban.R; 05_census_rural.R,
ageb_indicadores,152,VIV_OCUPANTES,Conteos censales,Ocupantes en viviendas particulares habitadas.,decimal (conteo),personas,,Ambos,CPV2020_AGEB / CPV2020_ITER,OCUPVIVPAR,Igual que HOGARES.,,S,Conteo para reagregar,n/a,04_census_urban.R; 05_census_rural.R,
ageb_indicadores,153,VIV_SIN_DRENAJE,Conteos censales,Viviendas que no disponen de drenaje.,decimal (conteo),viviendas,,Ambos,CPV2020_AGEB / CPV2020_ITER,VPH_NODREN,Igual que HOGARES.,,S,Conteo para reagregar,n/a,04_census_urban.R; 05_census_rural.R,Denominador para reagregar los porcentajes de vivienda: VIV_CARACT.
ageb_indicadores,154,VIV_SIN_ELECTRICIDAD,Conteos censales,Viviendas que no disponen de energía eléctrica.,decimal (conteo),viviendas,,Ambos,CPV2020_AGEB / CPV2020_ITER,VPH_S_ELEC,Igual que HOGARES.,,S,Conteo para reagregar,n/a,04_census_urban.R; 05_census_rural.R,
ageb_indicadores,155,VIV_SIN_AGUA,Conteos censales,Viviendas sin agua entubada en el ámbito de la vivienda.,decimal (conteo),viviendas,,Ambos,CPV2020_AGEB / CPV2020_ITER,VPH_AGUAFV,Igual que HOGARES.,,S,Conteo para reagregar,n/a,04_census_urban.R; 05_census_rural.R,
ageb_indicadores,156,VIV_PISO_TIERRA,Conteos censales,Viviendas con piso de tierra.,decimal (conteo),viviendas,,Ambos,CPV2020_AGEB / CPV2020_ITER,VPH_PISOTI,Igual que HOGARES.,,S,Conteo para reagregar,n/a,04_census_urban.R; 05_census_rural.R,
ageb_indicadores,157,VIV_1CUARTO,Conteos censales,Viviendas con un solo cuarto.,decimal (conteo),viviendas,,Ambos,CPV2020_AGEB / CPV2020_ITER,VPH_1CUART,Igual que HOGARES.,,S,Conteo para reagregar,n/a,04_census_urban.R; 05_census_rural.R,
ageb_indicadores,158,VIV_EXCUSADO,Conteos censales,Viviendas que disponen de excusado o sanitario.,decimal (conteo),viviendas,,Ambos,CPV2020_AGEB / CPV2020_ITER,VPH_EXCSA,Igual que HOGARES.,,S,Conteo para reagregar,n/a,04_census_urban.R; 05_census_rural.R,
ageb_indicadores,159,VIV_LETRINA,Conteos censales,Viviendas que disponen de letrina (pozo u hoyo).,decimal (conteo),viviendas,,Ambos,CPV2020_AGEB / CPV2020_ITER,VPH_LETR,Igual que HOGARES.,,S,Conteo para reagregar,n/a,04_census_urban.R; 05_census_rural.R,
ageb_indicadores,160,VIV_TINACO,Conteos censales,Viviendas que disponen de tinaco.,decimal (conteo),viviendas,,Ambos,CPV2020_AGEB / CPV2020_ITER,VPH_TINACO,Igual que HOGARES.,,S,Conteo para reagregar,n/a,04_census_urban.R; 05_census_rural.R,
ageb_indicadores,161,VIV_CISTERNA,Conteos censales,Viviendas que disponen de cisterna o aljibe.,decimal (conteo),viviendas,,Ambos,CPV2020_AGEB / CPV2020_ITER,VPH_CISTER,Igual que HOGARES.,,S,Conteo para reagregar,n/a,04_census_urban.R; 05_census_rural.R,
ageb_indicadores,162,VIV_REFRI,Conteos censales,Viviendas que disponen de refrigerador.,decimal (conteo),viviendas,,Ambos,CPV2020_AGEB / CPV2020_ITER,VPH_REFRI,Igual que HOGARES.,,S,Conteo para reagregar,n/a,04_census_urban.R; 05_census_rural.R,
ageb_indicadores,163,VIV_LAVADORA,Conteos censales,Viviendas que disponen de lavadora.,decimal (conteo),viviendas,,Ambos,CPV2020_AGEB / CPV2020_ITER,VPH_LAVAD,Igual que HOGARES.,,S,Conteo para reagregar,n/a,04_census_urban.R; 05_census_rural.R,
ageb_indicadores,164,VIV_AUTO,Conteos censales,Viviendas que disponen de automóvil o camioneta.,decimal (conteo),viviendas,,Ambos,CPV2020_AGEB / CPV2020_ITER,VPH_AUTOM,Igual que HOGARES.,,S,Conteo para reagregar,n/a,04_census_urban.R; 05_census_rural.R,
ageb_indicadores,165,VIV_RADIO,Conteos censales,Viviendas que disponen de radio.,decimal (conteo),viviendas,,Ambos,CPV2020_AGEB / CPV2020_ITER,VPH_RADIO,Igual que HOGARES.,,S,Conteo para reagregar,n/a,04_census_urban.R; 05_census_rural.R,
ageb_indicadores,166,VIV_TELEFONO,Conteos censales,Viviendas que disponen de línea telefónica fija.,decimal (conteo),viviendas,,Ambos,CPV2020_AGEB / CPV2020_ITER,VPH_TELEF,Igual que HOGARES.,,S,Conteo para reagregar,n/a,04_census_urban.R; 05_census_rural.R,
ageb_indicadores,167,VIV_CELULAR,Conteos censales,Viviendas que disponen de teléfono celular.,decimal (conteo),viviendas,,Ambos,CPV2020_AGEB / CPV2020_ITER,VPH_CEL,Igual que HOGARES.,,S,Conteo para reagregar,n/a,04_census_urban.R; 05_census_rural.R,
ageb_indicadores,168,VIV_INTERNET,Conteos censales,Viviendas que disponen de internet.,decimal (conteo),viviendas,,Ambos,CPV2020_AGEB / CPV2020_ITER,VPH_INTER,Igual que HOGARES.,,S,Conteo para reagregar,n/a,04_census_urban.R; 05_census_rural.R,
ageb_indicadores,169,VIV_COMPU,Conteos censales,"Viviendas que disponen de computadora, laptop o tablet.",decimal (conteo),viviendas,,Ambos,CPV2020_AGEB / CPV2020_ITER,VPH_PC,Igual que HOGARES.,,S,Conteo para reagregar,n/a,04_census_urban.R; 05_census_rural.R,
ageb_indicadores,170,VIV_SIN_RADIO_TV,Conteos censales,Viviendas sin radio ni televisor.,decimal (conteo),viviendas,,Ambos,CPV2020_AGEB / CPV2020_ITER,VPH_SINRTV,Igual que HOGARES.,,S,Conteo para reagregar,n/a,04_census_urban.R; 05_census_rural.R,
ageb_indicadores,171,VIV_SIN_TEL_CEL,Conteos censales,Viviendas sin línea telefónica fija ni teléfono celular.,decimal (conteo),viviendas,,Ambos,CPV2020_AGEB / CPV2020_ITER,VPH_SINLTC,Igual que HOGARES.,,S,Conteo para reagregar,n/a,04_census_urban.R; 05_census_rural.R,
ageb_indicadores,172,VIV_SIN_TIC,Conteos censales,Viviendas sin tecnologías de la información y la comunicación.,decimal (conteo),viviendas,,Ambos,CPV2020_AGEB / CPV2020_ITER,VPH_SINTIC,Igual que HOGARES.,,S,Conteo para reagregar,n/a,04_census_urban.R; 05_census_rural.R,
ageb_indicadores,173,VIV_SIN_BIENES,Conteos censales,Viviendas sin ningún bien.,decimal (conteo),viviendas,,Ambos,CPV2020_AGEB / CPV2020_ITER,VPH_SNBIEN,Igual que HOGARES.,,S,Conteo para reagregar,n/a,04_census_urban.R; 05_census_rural.R,
ageb_indicadores,174,YEAR_GEOMETRY,Metadatos,Año de referencia de la geometría.,entero,año,,Ambos,PIPELINE,YEARS$geometry,Constante (2020).,,Nunca,Metadato,n/a,00_config.R,
ageb_indicadores,175,YEAR_CENSUS,Metadatos,Año de referencia del censo.,entero,año,,Ambos,PIPELINE,YEARS$census,Constante (2020).,,Nunca,Metadato,n/a,00_config.R,
ageb_indicadores,176,YEAR_CONEVAL,Metadatos,Año de referencia del GRS de CONEVAL.,entero,año,,Ambos,PIPELINE,YEARS$coneval,Constante (2020).,,Nunca,Metadato,n/a,00_config.R,
ageb_indicadores,177,YEAR_DENUE,Metadatos,Versión del DENUE.,texto,año-mes,,Ambos,PIPELINE,YEARS$denue,Constante ('2026-05').,,Nunca,Metadato,n/a,00_config.R,Se escribe a mano en 00_config.R: actualizarlo si se vuelve a descargar el DENUE.
ageb_indicadores,178,YEAR_HIDRO,Metadatos,Año de referencia de la capa de cuerpos de agua.,entero,año,,Ambos,PIPELINE,YEARS$hidro,Constante (2018).,,Nunca,Metadato,n/a,00_config.R,"Continuo topográfico 1:50,000 serie III, levantamiento 2013–2018."
ageb_indicadores,179,YEAR_USV,Metadatos,Año de referencia de la capa de uso de suelo y vegetación.,entero,año,,Ambos,PIPELINE,YEARS$usv,Constante (2021).,,Nunca,Metadato,n/a,00_config.R,"Serie VII, publicada en 2021 con imágenes de año base 2018."
ageb_indicadores,180,YEAR_CLUES,Metadatos,Corte del catálogo CLUES de establecimientos de salud.,texto,año-mes,,Ambos,PIPELINE,YEARS$clues,Constante ('2026-07').,,Nunca,Metadato,n/a,00_config.R,Se escribe a mano en 00_config.R junto con URL_CLUES y CLUES_FILE: actualizar los tres si se descarga otro corte.
ageb_indicadores,181,YEAR_CEM,Metadatos,Año de publicación del Continuo de Elevaciones Mexicano 4.0.,entero,año,,Ambos,PIPELINE,YEARS$cem,Constante (2024).,,Nunca,Metadato,n/a,00_config.R,Imágenes de radar ALOS PALSAR de 2006–2011.
ageb_indicadores,182,YEAR_RED_HIDRO,Metadatos,Año de la edición 2.0 de la Red Hidrográfica 1:50 000.,entero,año,,Ambos,PIPELINE,YEARS$red_hidro,Constante (2010).,,Nunca,Metadato,n/a,00_config.R,Construida sobre cartas topográficas 1:50 000 de 1995–2002 según la subcuenca.
ageb_indicadores,183,YEAR_COSTA,Metadatos,Año de la capa de línea de costa de CONABIO.,entero,año,,Ambos,PIPELINE,YEARS$costa,Constante (2018).,,Nunca,Metadato,n/a,00_config.R,Imágenes RapidEye de 2011–2014.
ageb_indicadores,184,YEAR_CENAPRED,Metadatos,Actualización del Sistema de Indicadores Municipales del Atlas Nacional de Riesgos.,entero,año,,Ambos,CENAPRED_SITU2023,YEARS$cenapred,Constante (2023).,,Nunca,Metadato,n/a,13_hazard.R,Los indicadores sociodemográficos con los que CENAPRED construyó estos grados vienen del censo 2020; 2023 es el corte de publicación.
ageb_geom,1,ID_AGEB,Identificación,"Clave única de la AGEB (llave hacia ageb_indicadores).",texto,clave,,Ambos,MG2020,CVEGEO,"Igual que en ageb_indicadores.",,Nunca,Identificación,n/a,12_export.R,"GeoPackage, capa 'ageb', EPSG:4326."
ageb_geom,2,AMBITO,Identificación,"Ámbito de la AGEB.",categórica,,,Ambos,MG2020,,"Copia de ageb_indicadores.",,Nunca,Identificación,n/a,12_export.R,
ageb_geom,3,CVE_ENT,Identificación,"Clave de entidad.",texto,clave,,Ambos,MG2020,,"Copia de ageb_indicadores.",,Nunca,Identificación,n/a,12_export.R,
ageb_geom,4,CVE_MUN,Identificación,"Clave de municipio.",texto,clave,,Ambos,MG2020,,"Copia de ageb_indicadores.",,Nunca,Identificación,n/a,12_export.R,
ageb_geom,5,NOM_MUN,Identificación,"Nombre del municipio.",texto,,,Ambos,MG2020,,"Copia de ageb_indicadores.",,Nunca,Identificación,n/a,12_export.R,
ageb_geom,6,NOM_LOC,Identificación,"Nombre de la localidad.",texto,,,Ambos,MG2020 / CPV2020_ITER,,"Copia de ageb_indicadores.",,E,Identificación,n/a,12_export.R,
ageb_geom,7,AREA_KM2,Geometría,"Superficie de la AGEB.",decimal,km²,6,Ambos,MG2020,,"Copia de ageb_indicadores.",,Nunca,Contexto,n/a,12_export.R,
ageb_geom,8,POB_TOTAL,Población base,"Población total.",decimal (conteo),personas,,Ambos,CPV2020_AGEB / CPV2020_ITER,,"Copia de ageb_indicadores.",,Nunca,Población base,n/a,12_export.R,
ageb_geom,9,GRS_GRADO,Validación CONEVAL,"Grado de Rezago Social.",categórica ordinal,,,Solo urbana,CONEVAL_GRS2020,,"Copia de ageb_indicadores.",,E; S,Validación externa,+,12_export.R,
ageb_geom,10,geom,Geometría,"Polígono o multipolígono de la AGEB.",geometría,EPSG:4326,,Ambos,MG2020,geometría,"Geometría del MG tras st_make_valid(), reproyectada a EPSG:4326.",,Nunca,Identificación,n/a,12_export.R,"Para calcular áreas o distancias reproyecta a EPSG:6372."
denue_establishments,1,ID_AGEB,Identificación,"AGEB a la que se asignó el establecimiento.",texto,clave,,Ambos,DENUE,cve_ent + cve_mun + cve_loc + ageb,"Primero se prueba la clave urbana; si no existe en el MG, la rural (CVE_LOC = '0000').",,Nunca,Identificación,n/a,07_denue.R,"Puede no existir en el MG (se registra en el log)."
denue_establishments,2,NOM_ESTAB,DENUE,"Nombre del establecimiento.",texto,,,Ambos,DENUE,nom_estab,,,Según DENUE,Contexto,n/a,07_denue.R,
denue_establishments,3,SCIAN,DENUE,"Código de actividad SCIAN a 6 dígitos.",texto,clave,,Ambos,DENUE,codigo_act,,,Nunca,Contexto,n/a,07_denue.R,
denue_establishments,4,SECTOR,DENUE,"Sector SCIAN (2 primeros dígitos).",texto,clave,,Ambos,PIPELINE,codigo_act,"substr(codigo_act, 1, 2).",,Nunca,Contexto,n/a,07_denue.R,
denue_establishments,5,PER_OCU_STRATUM,DENUE,"Estrato de personal ocupado.",categórica,,,Ambos,DENUE,per_ocu,"Texto tal cual (p. ej. '0 a 5 personas').",,Según DENUE,Contexto,n/a,07_denue.R,"Es un rango, no un número: nunca sumarlo."
denue_establishments,6,LON,DENUE,"Longitud del establecimiento.",decimal,grados decimales (EPSG:4326),,Ambos,DENUE,longitud,"Se anula si cae fuera del rectángulo envolvente de la entidad (+0.05°).",,C: coordenada ausente o fuera de la entidad,Contexto,n/a,07_denue.R,"El establecimiento se sigue contando: la asignación usa la clave, no la coordenada."
denue_establishments,7,LAT,DENUE,"Latitud del establecimiento.",decimal,grados decimales (EPSG:4326),,Ambos,DENUE,latitud,"Igual que LON.",,C,Contexto,n/a,07_denue.R,
denue_ageb_sector,1,ID_AGEB,Identificación,"Clave de la AGEB.",texto,clave,,Ambos,DENUE,,,,Nunca,Identificación,n/a,07_denue.R,"Formato largo: una fila por AGEB × sector con al menos un establecimiento."
denue_ageb_sector,2,SECTOR,DENUE,"Sector SCIAN (2 dígitos).",texto,clave,,Ambos,DENUE,codigo_act,,,Nunca,Contexto,n/a,07_denue.R,
denue_ageb_sector,3,N_UNITS,DENUE,"Unidades económicas del sector en la AGEB.",entero,establecimientos,,Ambos,PIPELINE,,"Conteo.",,Nunca,Contexto,n/a,07_denue.R,
ageb_landuse_detail,1,ID_AGEB,Identificación,"Clave de la AGEB.",texto,clave,,Ambos,MG2020,,,,Nunca,Identificación,n/a,09_landuse.R,"Formato largo: una fila por AGEB × clase de uso de suelo presente."
ageb_landuse_detail,2,USO_CLASE,Uso de suelo,"Clase de uso de suelo y vegetación.",categórica,,,Ambos,INEGI_USV7,DESCRIPCIO,,,Nunca,Contexto,n/a,09_landuse.R,
ageb_landuse_detail,3,CLASS_AREA_KM2,Uso de suelo,"Superficie de la clase dentro de la AGEB.",decimal,km²,,Ambos,PIPELINE,,"Área (EPSG:6372) de la intersección AGEB ∩ USV, disuelta por AGEB y clase.",,Nunca,Contexto,n/a,09_landuse.R,"Disolver antes de medir evita contar dos veces polígonos traslapados (D-28)."
ageb_landuse_detail,4,AREA_KM2,Geometría,"Superficie total de la AGEB.",decimal,km²,,Ambos,MG2020,,"Copia de ageb_indicadores.",,Nunca,Contexto,n/a,09_landuse.R,
ageb_landuse_detail,5,CLASS_PCT,Uso de suelo,"Porcentaje de la AGEB cubierto por la clase.",decimal,%,,Ambos,PIPELINE,,"min(100, 100 × CLASS_AREA_KM2 / AREA_KM2).",AREA_KM2,Nunca,Contexto,n/a,09_landuse.R,"Las clases de una AGEB pueden sumar menos de 100 si la capa USV no la cubre completa."
quality_control_report,1,CVE_ENT,Control de calidad,"Clave de entidad.",texto,clave,,,PIPELINE,,,,Nunca,Metadato,n/a,11_qc.R,"Una fila por control (29 por entidad). La versión _MX concatena todas."
quality_control_report,2,CHECK,Control de calidad,"Nombre del control.",texto,,,,PIPELINE,,,,Nunca,Metadato,n/a,11_qc.R,"Descritos en docs/DECISIONES.md, sección Controles de calidad."
quality_control_report,3,STATUS,Control de calidad,"Resultado del control.",categórica,,,,PIPELINE,,"PASS o FAIL.",,Nunca,Metadato,n/a,11_qc.R,
quality_control_report,4,DETAIL,Control de calidad,"Evidencia numérica del resultado.",texto,,,,PIPELINE,,,,Nunca,Metadato,n/a,11_qc.R,
qc_municipal_coverage,1,CVE_MUN_FULL,Control de calidad,"Clave municipal completa (entidad + municipio).",texto,clave,,,MG2020,,,,Nunca,Identificación,n/a,11_qc.R,"Una fila por municipio."
qc_municipal_coverage,2,AGEB_AREA,Control de calidad,"Suma de la superficie de las AGEB del municipio.",decimal,km²,,,PIPELINE,,"Σ AREA_KM2.",,Nunca,Metadato,n/a,11_qc.R,
qc_municipal_coverage,3,N_AGEB,Control de calidad,"Número de AGEB del municipio.",entero,AGEB,,,PIPELINE,,,,Nunca,Metadato,n/a,11_qc.R,
qc_municipal_coverage,4,NOM_MUN,Control de calidad,"Nombre del municipio.",texto,,,,MG2020,NOMGEO,,,Nunca,Identificación,n/a,11_qc.R,
qc_municipal_coverage,5,MUN_AREA_KM2,Control de calidad,"Superficie del polígono municipal del mismo Marco Geoestadístico.",decimal,km²,,,MG2020,geometría,"Área en EPSG:6372.",,Nunca,Metadato,n/a,11_qc.R,
qc_municipal_coverage,6,DIFF_KM2,Control de calidad,"Diferencia de superficie AGEB − municipio.",decimal,km²,,,PIPELINE,,"AGEB_AREA − MUN_AREA_KM2.",,Nunca,Metadato,n/a,11_qc.R,
qc_municipal_coverage,7,DIFF_PCT,Control de calidad,"Diferencia relativa de superficie.",decimal,%,,,PIPELINE,,"100 × DIFF_KM2 / MUN_AREA_KM2.",,Nunca,Metadato,n/a,11_qc.R,
qc_municipal_coverage,8,KIND,Control de calidad,"Tipo de discrepancia, solo si rebasa ambas tolerancias.",categórica,,,,PIPELINE,,"'gap' (hueco real) o 'attribution' (franja que otro municipio compensa).",,Vacío = dentro de tolerancia,Metadato,n/a,11_qc.R,"Ver D-08."
